{
    "name": "root",
    "metadata": {
        "timer_format_version": "0.1.0",
        "start_time_seconds": "1733147107",
        "python_version": "3.10.2 (tags/v3.10.2:a58ebcc, Jan 17 2022, 14:12:15) [MSC v.1929 64 bit (AMD64)]",
        "command_line_arguments": "D:\\Users\\admin-1\\AppData\\Local\\Programs\\Python\\Python310\\Scripts\\mlagents-learn sudokuconfig.yaml --run-id=hashset2",
        "mlagents_version": "1.1.0",
        "mlagents_envs_version": "1.1.0",
        "communication_protocol_version": "1.5.0",
        "pytorch_version": "2.5.1+cpu",
        "numpy_version": "1.23.5",
        "end_time_seconds": "1733147244"
    },
    "total": 137.6547016999998,
    "count": 1,
    "self": 0.009715399999549845,
    "children": {
        "run_training.setup": {
            "total": 0.0894285000003947,
            "count": 1,
            "self": 0.0894285000003947
        },
        "TrainerController.start_learning": {
            "total": 137.55555779999986,
            "count": 1,
            "self": 0.008183600001302693,
            "children": {
                "TrainerController._reset_env": {
                    "total": 11.027751900000112,
                    "count": 1,
                    "self": 11.027751900000112
                },
                "TrainerController.advance": {
                    "total": 126.33020539999825,
                    "count": 417,
                    "self": 0.007065399996918131,
                    "children": {
                        "env_step": {
                            "total": 126.28007320000097,
                            "count": 417,
                            "self": 125.64223060000177,
                            "children": {
                                "SubprocessEnvManager._take_step": {
                                    "total": 0.631829800005562,
                                    "count": 417,
                                    "self": 0.021722100006627443,
                                    "children": {
                                        "TorchPolicy.evaluate": {
                                            "total": 0.6101076999989345,
                                            "count": 417,
                                            "self": 0.6101076999989345
                                        }
                                    }
                                },
                                "workers": {
                                    "total": 0.006012799993641238,
                                    "count": 416,
                                    "self": 0.0,
                                    "children": {
                                        "worker_root": {
                                            "total": 4.725796700002775,
                                            "count": 416,
                                            "is_parallel": true,
                                            "self": 2.935286700002962,
                                            "children": {
                                                "steps_from_proto": {
                                                    "total": 0.0005600999998023326,
                                                    "count": 1,
                                                    "is_parallel": true,
                                                    "self": 0.0003341999999975087,
                                                    "children": {
                                                        "_process_rank_one_or_two_observation": {
                                                            "total": 0.0002258999998048239,
                                                            "count": 2,
                                                            "is_parallel": true,
                                                            "self": 0.0002258999998048239
                                                        }
                                                    }
                                                },
                                                "UnityEnvironment.step": {
                                                    "total": 1.7899499000000105,
                                                    "count": 416,
                                                    "is_parallel": true,
                                                    "self": 0.034710200006884406,
                                                    "children": {
                                                        "UnityEnvironment._generate_step_input": {
                                                            "total": 0.03538609999623077,
                                                            "count": 416,
                                                            "is_parallel": true,
                                                            "self": 0.03538609999623077
                                                        },
                                                        "communicator.exchange": {
                                                            "total": 1.603743199998462,
                                                            "count": 416,
                                                            "is_parallel": true,
                                                            "self": 1.603743199998462
                                                        },
                                                        "steps_from_proto": {
                                                            "total": 0.11611039999843342,
                                                            "count": 416,
                                                            "is_parallel": true,
                                                            "self": 0.06960640000170315,
                                                            "children": {
                                                                "_process_rank_one_or_two_observation": {
                                                                    "total": 0.04650399999673027,
                                                                    "count": 832,
                                                                    "is_parallel": true,
                                                                    "self": 0.04650399999673027
                                                                }
                                                            }
                                                        }
                                                    }
                                                }
                                            }
                                        }
                                    }
                                }
                            }
                        },
                        "trainer_advance": {
                            "total": 0.04306680000036067,
                            "count": 416,
                            "self": 0.009933999999248044,
                            "children": {
                                "process_trajectory": {
                                    "total": 0.03313280000111263,
                                    "count": 416,
                                    "self": 0.03313280000111263
                                }
                            }
                        }
                    }
                },
                "TrainerController._save_models": {
                    "total": 0.18941690000019662,
                    "count": 1,
                    "self": 0.013492699999915203,
                    "children": {
                        "RLTrainer._checkpoint": {
                            "total": 0.17592420000028142,
                            "count": 1,