{
    "name": "root",
    "metadata": {
        "timer_format_version": "0.1.0",
        "start_time_seconds": "1733147382",
        "python_version": "3.10.2 (tags/v3.10.2:a58ebcc, Jan 17 2022, 14:12:15) [MSC v.1929 64 bit (AMD64)]",
        "command_line_arguments": "D:\\Users\\admin-1\\AppData\\Local\\Programs\\Python\\Python310\\Scripts\\mlagents-learn sudokuconfig.yaml --run-id=hashset3",
        "mlagents_version": "1.1.0",
        "mlagents_envs_version": "1.1.0",
        "communication_protocol_version": "1.5.0",
        "pytorch_version": "2.5.1+cpu",
        "numpy_version": "1.23.5",
        "end_time_seconds": "1733147467"
    },
    "total": 84.52505280000014,
    "count": 1,
    "self": 0.009334900000794732,
    "children": {
        "run_training.setup": {
            "total": 0.09409029999960694,
            "count": 1,
            "self": 0.09409029999960694
        },
        "TrainerController.start_learning": {
            "total": 84.42162759999974,
            "count": 1,
            "self": 0.0019062999995185237,
            "children": {
                "TrainerController._reset_env": {
                    "total": 9.565943300000072,
                    "count": 1,
                    "self": 9.565943300000072
                },
                "TrainerController.advance": {
                    "total": 74.74199960000033,
                    "count": 84,
                    "self": 0.0014998999999988882,
                    "children": {
                        "env_step": {
                            "total": 74.73336450000079,
                            "count": 84,
                            "self": 74.59836799999903,
                            "children": {
                                "SubprocessEnvManager._take_step": {
                                    "total": 0.13344379999898592,
                                    "count": 84,
                                    "self": 0.004708599999048602,
                                    "children": {
                                        "TorchPolicy.evaluate": {
                                            "total": 0.12873519999993732,
                                            "count": 84,
                                            "self": 0.12873519999993732
                                        }
                                    }
                                },
                                "workers": {
                                    "total": 0.001552700002775964,
                                    "count": 83,
                                    "self": 0.0,
                                    "children": {
                                        "worker_root": {
                                            "total": 2.897522800002207,
                                            "count": 83,
                                            "is_parallel": true,
                                            "self": 2.073390300000483,
                                            "children": {
                                                "steps_from_proto": {
                                                    "total": 0.0003868000003421912,
                                                    "count": 1,
                                                    "is_parallel": true,
                                                    "self": 0.00021980000065013883,
                                                    "children": {
                                                        "_process_rank_one_or_two_observation": {
                                                            "total": 0.00016699999969205237,
                                                            "count": 2,
                                                            "is_parallel": true,
                                                            "self": 0.00016699999969205237
                                                        }
                                                    }
                                                },
                                                "UnityEnvironment.step": {
                                                    "total": 0.8237457000013819,
                                                    "count": 83,
                                                    "is_parallel": true,
                                                    "self": 0.007180000000971631,
                                                    "children": {
                                                        "UnityEnvironment._generate_step_input": {
                                                            "total": 0.007260300001235009,
                                                            "count": 83,
                                                            "is_parallel": true,
                                                            "self": 0.007260300001235009
                                                        },
                                                        "communicator.exchange": {
                                                            "total": 0.7864093999992292,
                                                            "count": 83,
                                                            "is_parallel": true,
                                                            "self": 0.7864093999992292
                                                        },
                                                        "steps_from_proto": {
                                                            "total": 0.02289599999994607,
                                                            "count": 83,
                                                            "is_parallel": true,
                                                            "self": 0.01367119999940769,
                                                            "children": {
                                                                "_process_rank_one_or_two_observation": {
                                                                    "total": 0.00922480000053838,
                                                                    "count": 166,
                                                                    "is_parallel": true,
                                                                    "self": 0.00922480000053838
                                                                }
                                                            }
                                                        }
                                                    }
                                                }
                                            }
                                        }
                                    }
                                }
                            }
                        },
                        "trainer_advance": {
                            "total": 0.0071351999995385995,
                            "count": 83,
                            "self": 0.0015316000008169794,
                            "children": {
                                "process_trajectory": {
                                    "total": 0.00560359999872162,
                                    "count": 83,
                                    "self": 0.00560359999872162
                                }
                            }
                        }
                    }
                },
                "TrainerController._save_models": {
                    "total": 0.11177839999982098,
                    "count": 1,
                    "self": 0.010357099999509956,
                    "children": {
                        "RLTrainer._checkpoint": {
                            "total": 0.10142130000031102,
                            "count": 1,