{
    "name": "root",
    "gauges": {
        "SudokuAgent.Policy.Entropy.mean": {
            "value": 5.100070953369141,
            "min": 5.100070953369141,
            "max": 5.348122596740723,
            "count": 38
        },
        "SudokuAgent.Policy.Entropy.sum": {
            "value": 102001.421875,
            "min": 19247.892578125,
            "max": 106586.796875,
            "count": 38
        },
        "SudokuAgent.Environment.EpisodeLength.mean": {
            "value": 99.0,
            "min": 98.97142857142858,
            "max": 99.0,
            "count": 38
        },
        "SudokuAgent.Environment.EpisodeLength.sum": {
            "value": 19800.0,
            "min": 3464.0,
            "max": 19800.0,
            "count": 38
        },
        "SudokuAgent.Step.mean": {
            "value": 1219999.0,
            "min": 479999.0,
            "max": 1219999.0,
            "count": 38
        },
        "SudokuAgent.Step.sum": {
            "value": 1219999.0,
            "min": 479999.0,
            "max": 1219999.0,
            "count": 38
        },
        "SudokuAgent.Policy.ExtrinsicValueEstimate.mean": {
            "value": -59.05311965942383,
            "min": -59.05311965942383,
            "max": -23.890844345092773,
            "count": 38
        },
        "SudokuAgent.Policy.ExtrinsicValueEstimate.sum": {
            "value": -11810.6240234375,
            "min": -11810.6240234375,
            "max": -822.5870361328125,
            "count": 38
        },
        "SudokuAgent.Policy.CuriosityValueEstimate.mean": {
            "value": 0.22227860987186432,
            "min": 0.08047284930944443,
            "max": 0.3437601327896118,
            "count": 38
        },
        "SudokuAgent.Policy.CuriosityValueEstimate.sum": {
            "value": 44.45572280883789,
            "min": 11.28320026397705,
            "max": 68.75202941894531,
            "count": 38
        },
        "SudokuAgent.Environment.CumulativeReward.mean": {
            "value": -39.47299772977829,
            "min": -50.50749777674675,
            "max": -33.564997435212135,
            "count": 38
        },
        "SudokuAgent.Environment.CumulativeReward.sum": {
            "value": -7894.599545955658,
            "min": -10101.49955534935,
            "max": -1526.8998832702637,
            "count": 38
        },
        "SudokuAgent.Policy.ExtrinsicReward.mean": {
            "value": -39.47299772977829,
            "min": -50.50749777674675,
            "max": -33.564997435212135,
            "count": 38
        },
        "SudokuAgent.Policy.ExtrinsicReward.sum": {
            "value": -7894.599545955658,
            "min": -10101.49955534935,
            "max": -1526.8998832702637,
            "count": 38
        },
        "SudokuAgent.Policy.CuriosityReward.mean": {
            "value": 0.005151574652409181,
            "min": 0.0,
            "max": 0.07944492713897489,
            "count": 38
        },
        "SudokuAgent.Policy.CuriosityReward.sum": {
            "value": 1.0303149304818362,
            "min": 0.0,
            "max": 15.888985427794978,
            "count": 38
        },
        "SudokuAgent.IsTraining.mean": {
            "value": 1.0,
            "min": 1.0,
            "max": 1.0,
            "count": 38
        },
        "SudokuAgent.IsTraining.sum": {
            "value": 1.0,
            "min": 1.0,
            "max": 1.0,
            "count": 38
        },
        "SudokuAgent.Losses.PolicyLoss.mean": {
            "value": 0.028768753376789392,
            "min": 0.02512684613078212,
            "max": 0.03320508654578589,
            "count": 36
        },
        "SudokuAgent.Losses.PolicyLoss.sum": {
            "value": 0.028768753376789392,
            "min": 0.02512684613078212,
            "max": 0.03320508654578589,
            "count": 36
        },
        "SudokuAgent.Losses.ValueLoss.mean": {
            "value": 32.8571073214213,
            "min": 27.372316932678224,
            "max": 37.77528314590454,
            "count": 36
        },
        "SudokuAgent.Losses.ValueLoss.sum": {
            "value": 32.8571073214213,
            "min": 27.372316932678224,
            "max": 37.77528314590454,
            "count": 36
        },
        "SudokuAgent.Policy.LearningRate.mean": {
            "value": 0.00022712408429198001,
            "min": 0.00022712408429198001,
            "max": 0.00027017406994198,
            "count": 36
        },
        "SudokuAgent.Policy.LearningRate.sum": {
            "value": 0.00022712408429198001,
            "min": 0.00022712408429198001,
            "max": 0.00027017406994198,
            "count": 36
        },
        "SudokuAgent.Policy.Epsilon.mean": {
            "value": 0.17570802000000005,
            "min": 0.17570802000000005,
            "max": 0.19005802000000002,
            "count": 36
        },
        "SudokuAgent.Policy.Epsilon.sum": {
            "value": 0.17570802000000005,
            "min": 0.17570802000000005,
            "max": 0.19005802000000002,
            "count": 36
        },
        "SudokuAgent.Policy.Beta.mean": {
            "value": 0.003787830198,
            "min": 0.003787830198,
            "max": 0.004503895197999999,
            "count": 36
        },
        "SudokuAgent.Policy.Beta.sum": {
            "value": 0.003787830198,
            "min": 0.003787830198,
            "max": 0.004503895197999999,
            "count": 36
        },
        "SudokuAgent.Losses.CuriosityForwardLoss.mean": {
            "value": 0.0029571541662638387,
            "min": 0.0029571541662638387,
            "max": 0.020090847105408708,
            "count": 36
        },
        "SudokuAgent.Losses.CuriosityForwardLoss.sum": {
            "value": 0.0029571541662638387,
            "min": 0.0029571541662638387,
            "max": 0.020090847105408708,
            "count": 36
        },
        "SudokuAgent.Losses.CuriosityInverseLoss.mean": {
            "value": 6.162345910072327,
            "min": 6.147499020894369,
            "max": 6.571733673413594,
            "count": 36
        },
        "SudokuAgent.Losses.CuriosityInverseLoss.sum": {
            "value": 6.162345910072327,
            "min": 6.147499020894369,
            "max": 6.571733673413594,
            "count": 36
        }
    },
    "metadata": {
        "timer_format_version": "0.1.0",
        "start_time_seconds": "1737045053",
        "python_version": "3.10.2 (tags/v3.10.2:a58ebcc, Jan 17 2022, 14:12:15) [MSC v.1929 64 bit (AMD64)]",
        "command_line_arguments": "C:\\Users\\Kuba\\AppData\\Local\\Programs\\Python\\Python310\\Scripts\\mlagents-learn config3.yaml --run-id=resumetraining1 --resume",
        "mlagents_version": "1.1.0",
        "mlagents_envs_version": "1.1.0",
        "communication_protocol_version": "1.5.0",
        "pytorch_version": "2.5.1+cpu",
        "numpy_version": "1.23.5",
        "end_time_seconds": "1737049203"
    },
    "total": 4150.330113699994,
    "count": 1,
    "self": 0.007593299989821389,
    "children": {
        "run_training.setup": {
            "total": 0.08640210000157822,
            "count": 1,
            "self": 0.08640210000157822
        },
        "TrainerController.start_learning": {
            "total": 4150.236118300003,
            "count": 1,
            "self": 10.866832296131179,
            "children": {
                "TrainerController._reset_env": {
                    "total": 7.585128300008364,
                    "count": 1,
                    "self": 7.585128300008364
                },
                "TrainerController.advance": {
                    "total": 4131.67823820388,
                    "count": 753650,
                    "self": 9.576251605627476,
                    "children": {
                        "env_step": {
                            "total": 3779.408928998935,
                            "count": 753650,