{
    "name": "root",
    "gauges": {
        "SudokuAgent.Policy.Entropy.mean": {
            "value": 5.673840045928955,
            "min": 5.67283296585083,
            "max": 5.881746768951416,
            "count": 66
        },
        "SudokuAgent.Policy.Entropy.sum": {
            "value": 56738.3984375,
            "min": 56728.328125,
            "max": 58817.46875,
            "count": 66
        },
        "SudokuAgent.Step.mean": {
            "value": 659964.0,
            "min": 9964.0,
            "max": 659964.0,
            "count": 66
        },
        "SudokuAgent.Step.sum": {
            "value": 659964.0,
            "min": 9964.0,
            "max": 659964.0,
            "count": 66
        },
        "SudokuAgent.Policy.ExtrinsicValueEstimate.mean": {
            "value": -202.44752502441406,
            "min": -202.44752502441406,
            "max": -0.01699492149055004,
            "count": 66
        },
        "SudokuAgent.Policy.ExtrinsicValueEstimate.sum": {
            "value": -40489.50390625,
            "min": -40489.50390625,
            "max": -3.398984432220459,
            "count": 66
        },
        "SudokuAgent.Environment.EpisodeLength.mean": {
            "value": 99.0,
            "min": 99.0,
            "max": 99.0,
            "count": 66
        },
        "SudokuAgent.Environment.EpisodeLength.sum": {
            "value": 9900.0,
            "min": 9900.0,
            "max": 9900.0,
            "count": 66
        },
        "SudokuAgent.Environment.CumulativeReward.mean": {
            "value": -257.3090048599243,
            "min": -260.85400318145753,
            "max": -245.25500455856323,
            "count": 66
        },
        "SudokuAgent.Environment.CumulativeReward.sum": {
            "value": -25730.90048599243,
            "min": -26085.400318145752,
            "max": -24525.500455856323,
            "count": 66
        },
        "SudokuAgent.Policy.ExtrinsicReward.mean": {
            "value": -257.3090048599243,
            "min": -260.85400318145753,
            "max": -245.25500455856323,
            "count": 66
        },
        "SudokuAgent.Policy.ExtrinsicReward.sum": {
            "value": -25730.90048599243,
            "min": -26085.400318145752,
            "max": -24525.500455856323,
            "count": 66
        },
        "SudokuAgent.IsTraining.mean": {
            "value": 1.0,
            "min": 1.0,
            "max": 1.0,
            "count": 66
        },
        "SudokuAgent.IsTraining.sum": {
            "value": 1.0,
            "min": 1.0,
            "max": 1.0,
            "count": 66
        },
        "SudokuAgent.Losses.PolicyLoss.mean": {
            "value": 0.025916979002067818,
            "min": 0.024289565187064,
            "max": 0.028908529396479327,
            "count": 16
        },
        "SudokuAgent.Losses.PolicyLoss.sum": {
            "value": 0.025916979002067818,
            "min": 0.024289565187064,
            "max": 0.028908529396479327,
            "count": 16
        },
        "SudokuAgent.Losses.ValueLoss.mean": {
            "value": 67.29494037628174,
            "min": 67.29494037628174,
            "max": 476.9826316833496,
            "count": 16
        },
        "SudokuAgent.Losses.ValueLoss.sum": {
            "value": 67.29494037628174,
            "min": 67.29494037628174,
            "max": 476.9826316833496,
            "count": 16
        },
        "SudokuAgent.Policy.LearningRate.mean": {
            "value": 0.00026064217311928,
            "min": 0.00026064217311928,
            "max": 0.00029754216081927996,
            "count": 16
        },
        "SudokuAgent.Policy.LearningRate.sum": {
            "value": 0.00026064217311928,
            "min": 0.00026064217311928,
            "max": 0.00029754216081927996,
            "count": 16
        },
        "SudokuAgent.Policy.Epsilon.mean": {
            "value": 0.18688072,
            "min": 0.18688072,
            "max": 0.19918072000000006,
            "count": 16
        },
        "SudokuAgent.Policy.Epsilon.sum": {
            "value": 0.18688072,
            "min": 0.18688072,
            "max": 0.19918072000000006,
            "count": 16
        },
        "SudokuAgent.Policy.Beta.mean": {
            "value": 0.00043571552800000015,
            "min": 0.00043571552800000015,
            "max": 0.0004959855279999998,
            "count": 16
        },
        "SudokuAgent.Policy.Beta.sum": {
            "value": 0.00043571552800000015,
            "min": 0.00043571552800000015,
            "max": 0.0004959855279999998,
            "count": 16
        }
    },
    "metadata": {
        "timer_format_version": "0.1.0",
        "start_time_seconds": "1734175009",
        "python_version": "3.10.2 (tags/v3.10.2:a58ebcc, Jan 17 2022, 14:12:15) [MSC v.1929 64 bit (AMD64)]",
        "command_line_arguments": "C:\\Users\\Kuba\\AppData\\Local\\Programs\\Python\\Python310\\Scripts\\mlagents-learn config3.yaml --run-id=ver5",
        "mlagents_version": "1.1.0",
        "mlagents_envs_version": "1.1.0",
        "communication_protocol_version": "1.5.0",
        "pytorch_version": "2.5.1+cpu",
        "numpy_version": "1.23.5",
        "end_time_seconds": "1734177400"
    },
    "total": 2390.3036842998117,
    "count": 1,
    "self": 0.006103099789470434,
    "children": {
        "run_training.setup": {
            "total": 0.1287662999238819,
            "count": 1,
            "self": 0.1287662999238819
        },
        "TrainerController.start_learning": {
            "total": 2390.1688149000984,
            "count": 1,
            "self": 8.696017008973286,
            "children": {
                "TrainerController._reset_env": {
                    "total": 25.069657299900427,
                    "count": 1,
                    "self": 25.069657299900427
                },
                "TrainerController.advance": {
                    "total": 2356.3278047910426,
                    "count": 665781,
                    "self": 7.976836788235232,
                    "children": {
                        "env_step": {
                            "total": 2178.374829850858,
                            "count": 665781,
                            "self": 1477.3586485052947,
                            "children": {
                                "SubprocessEnvManager._take_step": {
                                    "total": 694.7937022941187,
                                    "count": 665781,
                                    "self": 22.460567524423823,
                                    "children": {
                                        "TorchPolicy.evaluate": {
                                            "total": 672.3331347696949,
                                            "count": 665781,
                                            "self": 672.3331347696949
                                        }
                                    }
                                },
                                "workers": {
                                    "total": 6.2224790514446795,
                                    "count": 665780,
                                    "self": 0.0,
                                    "children": {
                                        "worker_root": {
                                            "total": 2355.57578369393,
                                            "count": 665780,
                                            "is_parallel": true,
                                            "self": 1297.5192016838118,
                                            "children": {
                                                "steps_from_proto": {
                                                    "total": 0.00040749995969235897,
                                                    "count": 1,
                                                    "is_parallel": true,