{
    "name": "root",
    "gauges": {
        "SudokuAgent.Policy.Entropy.mean": {
            "value": 2.887138843536377,
            "min": 2.8599958419799805,
            "max": 6.574516296386719,
            "count": 116
        },
        "SudokuAgent.Policy.Entropy.sum": {
            "value": 28871.388671875,
            "min": 28599.958984375,
            "max": 65745.1640625,
            "count": 116
        },
        "SudokuAgent.Step.mean": {
            "value": 1159964.0,
            "min": 9964.0,
            "max": 1159964.0,
            "count": 116
        },
        "SudokuAgent.Step.sum": {
            "value": 1159964.0,
            "min": 9964.0,
            "max": 1159964.0,
            "count": 116
        },
        "SudokuAgent.Policy.ExtrinsicValueEstimate.mean": {
            "value": -111.65795135498047,
            "min": -149.14422607421875,
            "max": -18.361536026000977,
            "count": 116
        },
        "SudokuAgent.Policy.ExtrinsicValueEstimate.sum": {
            "value": -22331.58984375,
            "min": -29828.845703125,
            "max": -3653.94580078125,
            "count": 116
        },
        "SudokuAgent.Environment.EpisodeLength.mean": {
            "value": 99.0,
            "min": 99.0,
            "max": 99.0,
            "count": 116
        },
        "SudokuAgent.Environment.EpisodeLength.sum": {
            "value": 9900.0,
            "min": 9900.0,
            "max": 9900.0,
            "count": 116
        },
        "SudokuAgent.Environment.CumulativeReward.mean": {
            "value": -112.7870030593872,
            "min": -155.4808086048473,
            "max": -111.55800369262695,
            "count": 116
        },
        "SudokuAgent.Environment.CumulativeReward.sum": {
            "value": -11278.70030593872,
            "min": -15499.900146484375,
            "max": -11155.800369262695,
            "count": 116
        },
        "SudokuAgent.Policy.ExtrinsicReward.mean": {
            "value": -112.7870030593872,
            "min": -155.4808086048473,
            "max": -111.55800369262695,
            "count": 116
        },
        "SudokuAgent.Policy.ExtrinsicReward.sum": {
            "value": -11278.70030593872,
            "min": -15499.900146484375,
            "max": -11155.800369262695,
            "count": 116
        },
        "SudokuAgent.Losses.PolicyLoss.mean": {
            "value": 0.09850950667459983,
            "min": 0.0901731590371734,
            "max": 0.10784711443896715,
            "count": 116
        },
        "SudokuAgent.Losses.PolicyLoss.sum": {
            "value": 0.49254753337299917,
            "min": 0.3635362597609249,
            "max": 0.5392355721948358,
            "count": 116
        },
        "SudokuAgent.Losses.ValueLoss.mean": {
            "value": 2.1143417192002136,
            "min": 1.7538246404379607,
            "max": 110.69869076212247,
            "count": 116
        },
        "SudokuAgent.Losses.ValueLoss.sum": {
            "value": 10.571708596001068,
            "min": 7.730853212376435,
            "max": 442.79476304848987,
            "count": 116
        },
        "SudokuAgent.Policy.LearningRate.mean": {
            "value": 0.00012675545774819998,
            "min": 0.00012675545774819998,
            "max": 0.0002992179002607,
            "count": 116
        },
        "SudokuAgent.Policy.LearningRate.sum": {
            "value": 0.0006337772887409999,
            "min": 0.0005189918270028,
            "max": 0.001489002003666,
            "count": 116
        },
        "SudokuAgent.Policy.Epsilon.mean": {
            "value": 0.14225179999999998,
            "min": 0.14225179999999998,
            "max": 0.19973930000000004,
            "count": 116
        },
        "SudokuAgent.Policy.Epsilon.sum": {
            "value": 0.711259,
            "min": 0.5729972000000001,
            "max": 0.9963339999999999,
            "count": 116
        },
        "SudokuAgent.Policy.Beta.mean": {
            "value": 0.0021183648199999995,
            "min": 0.0021183648199999995,
            "max": 0.004986991069999999,
            "count": 116
        },
        "SudokuAgent.Policy.Beta.sum": {
            "value": 0.010591824099999998,
            "min": 0.008672560279999998,
            "max": 0.0248170666,
            "count": 116
        },
        "SudokuAgent.IsTraining.mean": {
            "value": 1.0,
            "min": 1.0,
            "max": 1.0,
            "count": 116
        },
        "SudokuAgent.IsTraining.sum": {
            "value": 1.0,
            "min": 1.0,
            "max": 1.0,
            "count": 116
        }
    },
    "metadata": {
        "timer_format_version": "0.1.0",
        "start_time_seconds": "1733070522",
        "python_version": "3.10.2 (tags/v3.10.2:a58ebcc, Jan 17 2022, 14:12:15) [MSC v.1929 64 bit (AMD64)]",
        "command_line_arguments": "C:\\Users\\Kuba\\Documents\\GitHub\\Praca-in-ynierska\\venv\\Scripts\\mlagents-learn sudokuconfig.yaml --run-id=bugfixed2",
        "mlagents_version": "1.1.0",
        "mlagents_envs_version": "1.1.0",
        "communication_protocol_version": "1.5.0",
        "pytorch_version": "2.5.1+cpu",
        "numpy_version": "1.23.5",
        "end_time_seconds": "1733076006"
    },
    "total": 5483.359700999994,
    "count": 1,
    "self": 0.9592433000070741,
    "children": {
        "run_training.setup": {
            "total": 0.08257119999325369,
            "count": 1,
            "self": 0.08257119999325369
        },
        "TrainerController.start_learning": {
            "total": 5482.317886499994,
            "count": 1,
            "self": 13.611933100983151,
            "children": {
                "TrainerController._reset_env": {
                    "total": 9.221886400002404,
                    "count": 1,
                    "self": 9.221886400002404
                },
                "TrainerController.advance": {
                    "total": 5459.14509689901,
                    "count": 1169664,
                    "self": 12.864492079461343,
                    "children": {
                        "env_step": {
                            "total": 5000.380883810882,
                            "count": 1169664,
                            "self": 3829.6614526070625,
                            "children": {
                                "SubprocessEnvManager._take_step": {
                                    "total": 1160.9612899963831,
                                    "count": 1169664,
                                    "self": 37.509337192052044,
                                    "children": {
                                        "TorchPolicy.evaluate": {
                                            "total": 1123.451952804331,
                                            "count": 1169664,
                                            "self": 1123.451952804331
                                        }
                                    }
                                },
                                "workers": {
                                    "total": 9.758141207435983,
                                    "count": 1169664,
                                    "self": 0.0,
                                    "children": {
                                        "worker_root": {
                                            "total": 5453.9821435033955,
                                            "count": 1169664,
                                            "is_parallel": true,
                                            "self": 2323.546369100397,
                                            "children": {
                                                "steps_from_proto": {
                                                    "total": 0.0003519000019878149,
                                                    "count": 1,