{
    "name": "root",
    "gauges": {
        "SudokuAgent.Policy.Entropy.mean": {
            "value": 5.358987331390381,
            "min": 5.358987331390381,
            "max": 6.572625637054443,
            "count": 51
        },
        "SudokuAgent.Policy.Entropy.sum": {
            "value": 53589.875,
            "min": 53589.875,
            "max": 65726.2578125,
            "count": 51
        },
        "SudokuAgent.Step.mean": {
            "value": 509964.0,
            "min": 9964.0,
            "max": 509964.0,
            "count": 51
        },
        "SudokuAgent.Step.sum": {
            "value": 509964.0,
            "min": 9964.0,
            "max": 509964.0,
            "count": 51
        },
        "SudokuAgent.Policy.ExtrinsicValueEstimate.mean": {
            "value": -153.4725799560547,
            "min": -158.89060974121094,
            "max": -16.701154708862305,
            "count": 51
        },
        "SudokuAgent.Policy.ExtrinsicValueEstimate.sum": {
            "value": -30694.515625,
            "min": -31778.123046875,
            "max": -3323.52978515625,
            "count": 51
        },
        "SudokuAgent.Environment.EpisodeLength.mean": {
            "value": 99.0,
            "min": 99.0,
            "max": 99.0,
            "count": 51
        },
        "SudokuAgent.Environment.EpisodeLength.sum": {
            "value": 9900.0,
            "min": 9900.0,
            "max": 9900.0,
            "count": 51
        },
        "SudokuAgent.Environment.CumulativeReward.mean": {
            "value": -149.4650015258789,
            "min": -157.36300079345702,
            "max": -149.2300020980835,
            "count": 51
        },
        "SudokuAgent.Environment.CumulativeReward.sum": {
            "value": -14946.50015258789,
            "min": -15736.300079345703,
            "max": -14923.00020980835,
            "count": 51
        },
        "SudokuAgent.Policy.ExtrinsicReward.mean": {
            "value": -149.4650015258789,
            "min": -157.36300079345702,
            "max": -149.2300020980835,
            "count": 51
        },
        "SudokuAgent.Policy.ExtrinsicReward.sum": {
            "value": -14946.50015258789,
            "min": -15736.300079345703,
            "max": -14923.00020980835,
            "count": 51
        },
        "SudokuAgent.Losses.PolicyLoss.mean": {
            "value": 0.10061280309673748,
            "min": 0.09164480234782484,
            "max": 0.10663134252293578,
            "count": 51
        },
        "SudokuAgent.Losses.PolicyLoss.sum": {
            "value": 0.4024512123869499,
            "min": 0.36657920939129934,
            "max": 0.5277480731068256,
            "count": 51
        },
        "SudokuAgent.Losses.ValueLoss.mean": {
            "value": 2.983142925115923,
            "min": 2.9051960326731203,
            "max": 121.2123999694983,
            "count": 51
        },
        "SudokuAgent.Losses.ValueLoss.sum": {
            "value": 11.932571700463692,
            "min": 11.932571700463692,
            "max": 484.8495998779932,
            "count": 51
        },
        "SudokuAgent.Policy.LearningRate.mean": {
            "value": 0.0002242479252507,
            "min": 0.0002242479252507,
            "max": 0.0002992179002607,
            "count": 51
        },
        "SudokuAgent.Policy.LearningRate.sum": {
            "value": 0.0008969917010028,
            "min": 0.0008969917010028,
            "max": 0.001489002003666,
            "count": 51
        },
        "SudokuAgent.Policy.Epsilon.mean": {
            "value": 0.1747493,
            "min": 0.1747493,
            "max": 0.19973930000000004,
            "count": 51
        },
        "SudokuAgent.Policy.Epsilon.sum": {
            "value": 0.6989972,
            "min": 0.6989972,
            "max": 0.9963339999999999,
            "count": 51
        },
        "SudokuAgent.Policy.Beta.mean": {
            "value": 0.003739990070000001,
            "min": 0.003739990070000001,
            "max": 0.004986991069999999,
            "count": 51
        },
        "SudokuAgent.Policy.Beta.sum": {
            "value": 0.014959960280000004,
            "min": 0.014959960280000004,
            "max": 0.0248170666,
            "count": 51
        },
        "SudokuAgent.IsTraining.mean": {
            "value": 1.0,
            "min": 1.0,
            "max": 1.0,
            "count": 51
        },
        "SudokuAgent.IsTraining.sum": {
            "value": 1.0,
            "min": 1.0,
            "max": 1.0,
            "count": 51
        }
    },
    "metadata": {
        "timer_format_version": "0.1.0",
        "start_time_seconds": "1733147600",
        "python_version": "3.10.2 (tags/v3.10.2:a58ebcc, Jan 17 2022, 14:12:15) [MSC v.1929 64 bit (AMD64)]",
        "command_line_arguments": "D:\\Users\\admin-1\\AppData\\Local\\Programs\\Python\\Python310\\Scripts\\mlagents-learn sudokuconfig.yaml --run-id=hashset4",
        "mlagents_version": "1.1.0",
        "mlagents_envs_version": "1.1.0",
        "communication_protocol_version": "1.5.0",
        "pytorch_version": "2.5.1+cpu",
        "numpy_version": "1.23.5",
        "end_time_seconds": "1733150785"
    },
    "total": 3185.7962573000004,
    "count": 1,
    "self": 0.007536900000559399,
    "children": {
        "run_training.setup": {
            "total": 0.0899054999999862,
            "count": 1,
            "self": 0.0899054999999862
        },
        "TrainerController.start_learning": {
            "total": 3185.6988149,
            "count": 1,
            "self": 10.621718999823315,
            "children": {
                "TrainerController._reset_env": {
                    "total": 10.60655480000014,
                    "count": 1,
                    "self": 10.60655480000014
                },
                "TrainerController.advance": {
                    "total": 3164.3634835001762,
                    "count": 518089,
                    "self": 8.861135000228387,
                    "children": {
                        "env_step": {
                            "total": 2864.879234300108,
                            "count": 518089,
                            "self": 2059.8574503992513,
                            "children": {
                                "SubprocessEnvManager._take_step": {
                                    "total": 797.5640818002848,
                                    "count": 518089,
                                    "self": 27.4418517004965,
                                    "children": {
                                        "TorchPolicy.evaluate": {
                                            "total": 770.1222300997883,
                                            "count": 518089,
                                            "self": 770.1222300997883
                                        }
                                    }
                                },
                                "workers": {
                                    "total": 7.457702100571623,
                                    "count": 518088,
                                    "self": 0.0,
                                    "children": {
                                        "worker_root": {
                                            "total": 3162.9603723000287,
                                            "count": 518088,
                                            "is_parallel": true,
                                            "self": 1612.2785556998842,
                                            "children": {
                                                "steps_from_proto": {
                                                    "total": 0.0003670000000965956,
                                                    "count": 1,
                                                    "is_parallel": true,
                                                    "self": 0.00020470000026762136,