{
    "name": "root",
    "gauges": {
        "SudokuAgent.Policy.Entropy.mean": {
            "value": 3.292076349258423,
            "min": 3.290282726287842,
            "max": 5.527803897857666,
            "count": 135
        },
        "SudokuAgent.Policy.Entropy.sum": {
            "value": 164603.8125,
            "min": 164514.140625,
            "max": 276390.1875,
            "count": 135
        },
        "SudokuAgent.Environment.EpisodeLength.mean": {
            "value": 99.0,
            "min": 99.0,
            "max": 99.0,
            "count": 135
        },
        "SudokuAgent.Environment.EpisodeLength.sum": {
            "value": 49500.0,
            "min": 49500.0,
            "max": 49500.0,
            "count": 135
        },
        "SudokuAgent.Step.mean": {
            "value": 6749900.0,
            "min": 49900.0,
            "max": 6749900.0,
            "count": 135
        },
        "SudokuAgent.Step.sum": {
            "value": 6749900.0,
            "min": 49900.0,
            "max": 6749900.0,
            "count": 135
        },
        "SudokuAgent.Policy.ExtrinsicValueEstimate.mean": {
            "value": -161.38270568847656,
            "min": -199.9695281982422,
            "max": -24.86582374572754,
            "count": 135
        },
        "SudokuAgent.Policy.ExtrinsicValueEstimate.sum": {
            "value": -80691.3515625,
            "min": -99984.765625,
            "max": -12408.0458984375,
            "count": 135
        },
        "SudokuAgent.Policy.CuriosityValueEstimate.mean": {
            "value": -0.06067301332950592,
            "min": -0.21092341840267181,
            "max": 1.7903326749801636,
            "count": 135
        },
        "SudokuAgent.Policy.CuriosityValueEstimate.sum": {
            "value": -30.336505889892578,
            "min": -105.46170806884766,
            "max": 893.3759765625,
            "count": 135
        },
        "SudokuAgent.Environment.CumulativeReward.mean": {
            "value": -55.278792193412784,
            "min": -116.54498735618591,
            "max": -55.278792193412784,
            "count": 135
        },
        "SudokuAgent.Environment.CumulativeReward.sum": {
            "value": -27639.39609670639,
            "min": -58272.49367809296,
            "max": -27639.39609670639,
            "count": 135
        },
        "SudokuAgent.Policy.ExtrinsicReward.mean": {
            "value": -55.278792193412784,
            "min": -116.54498735618591,
            "max": -55.278792193412784,
            "count": 135
        },
        "SudokuAgent.Policy.ExtrinsicReward.sum": {
            "value": -27639.39609670639,
            "min": -58272.49367809296,
            "max": -27639.39609670639,
            "count": 135
        },
        "SudokuAgent.Policy.CuriosityReward.mean": {
            "value": 0.004080960206338204,
            "min": 0.0022121896099997684,
            "max": 5.046364144222411,
            "count": 135
        },
        "SudokuAgent.Policy.CuriosityReward.sum": {
            "value": 2.040480103169102,
            "min": 1.1060948049998842,
            "max": 2518.1357079669833,
            "count": 135
        },
        "SudokuAgent.Losses.PolicyLoss.mean": {
            "value": 0.0343804342415145,
            "min": 0.03303650114806563,
            "max": 0.0408936007671097,
            "count": 135
        },
        "SudokuAgent.Losses.PolicyLoss.sum": {
            "value": 0.206282605449087,
            "min": 0.19821900688839378,
            "max": 0.28616236766683867,
            "count": 135
        },
        "SudokuAgent.Losses.ValueLoss.mean": {
            "value": 50.567336992422746,
            "min": 13.146255856752397,
            "max": 58.613794143994646,
            "count": 135
        },
        "SudokuAgent.Losses.ValueLoss.sum": {
            "value": 303.40402195453646,
            "min": 78.87753514051438,
            "max": 358.4486137390137,
            "count": 135
        },
        "SudokuAgent.Policy.LearningRate.mean": {
            "value": 3.2719067281e-05,
            "min": 3.2719067281e-05,
            "max": 9.9713000287e-05,
            "count": 135
        },
        "SudokuAgent.Policy.LearningRate.sum": {
            "value": 0.000196314403686,
            "min": 0.000196314403686,
            "max": 0.0006632640367360001,
            "count": 135
        },
        "SudokuAgent.Policy.Epsilon.mean": {
            "value": 0.13271900000000003,
            "min": 0.13271900000000003,
            "max": 0.19971300000000003,
            "count": 135
        },
        "SudokuAgent.Policy.Epsilon.sum": {
            "value": 0.7963140000000002,
            "min": 0.7963140000000002,
            "max": 1.3632640000000003,
            "count": 135
        },
        "SudokuAgent.Policy.Beta.mean": {
            "value": 0.0016426781,
            "min": 0.0016426781,
            "max": 0.0049856787,
            "count": 135
        },
        "SudokuAgent.Policy.Beta.sum": {
            "value": 0.0098560686,
            "min": 0.0098560686,
            "max": 0.0331668736,
            "count": 135
        },
        "SudokuAgent.Losses.CuriosityForwardLoss.mean": {
            "value": 0.0034825866886725025,
            "min": 0.0015120445959231196,
            "max": 95.14733063429595,
            "count": 135
        },
        "SudokuAgent.Losses.CuriosityForwardLoss.sum": {
            "value": 0.020895520132035016,
            "min": 0.009072267575538718,
            "max": 570.8839838057758,
            "count": 135
        },
        "SudokuAgent.Losses.CuriosityInverseLoss.mean": {
            "value": 3.9994026154279703,
            "min": 3.9994026154279703,
            "max": 6.9881664117177325,
            "count": 135
        },
        "SudokuAgent.Losses.CuriosityInverseLoss.sum": {
            "value": 23.996415692567822,
            "min": 23.996415692567822,
            "max": 44.46425963640213,
            "count": 135
        },
        "SudokuAgent.IsTraining.mean": {
            "value": 1.0,
            "min": 1.0,
            "max": 1.0,
            "count": 135
        },
        "SudokuAgent.IsTraining.sum": {
            "value": 1.0,
            "min": 1.0,
            "max": 1.0,
            "count": 135
        }
    },
    "metadata": {
        "timer_format_version": "0.1.0",
        "start_time_seconds": "1734307972",
        "python_version": "3.10.2 (tags/v3.10.2:a58ebcc, Jan 17 2022, 14:12:15) [MSC v.1929 64 bit (AMD64)]",
        "command_line_arguments": "C:\\Users\\Kuba\\AppData\\Local\\Programs\\Python\\Python310\\Scripts\\mlagents-learn config3.yaml --run-id=version7",
        "mlagents_version": "1.1.0",
        "mlagents_envs_version": "1.1.0",
        "communication_protocol_version": "1.5.0",
        "pytorch_version": "2.5.1+cpu",
        "numpy_version": "1.23.5",
        "end_time_seconds": "1734346695"
    },
    "total": 38722.63392699999,
    "count": 1,
    "self": 0.0065848000813275576,
    "children": {
        "run_training.setup": {
            "total": 0.10591010004281998,
            "count": 1,
            "self": 0.10591010004281998
        },
        "TrainerController.start_learning": {
            "total": 38722.521432099864,
            "count": 1,
            "self": 83.88202782347798,
            "children": {
                "TrainerController._reset_env": {
                    "total": 12.3895940000657,
                    "count": 1,
                    "self": 12.3895940000657
                },
                "TrainerController.advance": {
                    "total": 38626.13042857661,
                    "count": 6779318,
                    "self": 77.22577570052817,
                    "children": {
                        "env_step": {
                            "total": 33533.511373280315,
                            "count": 6779318,
                            "self": 25549.575374175096,