{
    "name": "root",
    "gauges": {
        "SudokuAgent.Policy.Entropy.mean": {
            "value": 5.82214879989624,
            "min": 5.82214879989624,
            "max": 6.478169918060303,
            "count": 4
        },
        "SudokuAgent.Policy.Entropy.sum": {
            "value": 582214.875,
            "min": 582214.875,
            "max": 647817.0,
            "count": 4
        },
        "SudokuAgent.Step.mean": {
            "value": 399964.0,
            "min": 99964.0,
            "max": 399964.0,
            "count": 4
        },
        "SudokuAgent.Step.sum": {
            "value": 399964.0,
            "min": 99964.0,
            "max": 399964.0,
            "count": 4
        },
        "SudokuAgent.Policy.ExtrinsicValueEstimate.mean": {
            "value": -254.06459045410156,
            "min": -254.06459045410156,
            "max": -123.76392364501953,
            "count": 4
        },
        "SudokuAgent.Policy.ExtrinsicValueEstimate.sum": {
            "value": -508129.1875,
            "min": -508129.1875,
            "max": -247404.078125,
            "count": 4
        },
        "SudokuAgent.Environment.EpisodeLength.mean": {
            "value": 99.0,
            "min": 99.0,
            "max": 99.0,
            "count": 4
        },
        "SudokuAgent.Environment.EpisodeLength.sum": {
            "value": 99000.0,
            "min": 99000.0,
            "max": 99000.0,
            "count": 4
        },
        "SudokuAgent.Environment.CumulativeReward.mean": {
            "value": -205.3374980993271,
            "min": -243.32652338083324,
            "max": -205.3374980993271,
            "count": 4
        },
        "SudokuAgent.Environment.CumulativeReward.sum": {
            "value": -205337.4980993271,
            "min": -243083.1968574524,
            "max": -205337.4980993271,
            "count": 4
        },
        "SudokuAgent.Policy.ExtrinsicReward.mean": {
            "value": -205.3374980993271,
            "min": -243.32652338083324,
            "max": -205.3374980993271,
            "count": 4
        },
        "SudokuAgent.Policy.ExtrinsicReward.sum": {
            "value": -205337.4980993271,
            "min": -243083.1968574524,
            "max": -205337.4980993271,
            "count": 4
        },
        "SudokuAgent.Losses.PolicyLoss.mean": {
            "value": 0.05388266342904697,
            "min": 0.050656357478146674,
            "max": 0.05503947158673934,
            "count": 4
        },
        "SudokuAgent.Losses.PolicyLoss.sum": {
            "value": 1.2931839222971273,
            "min": 1.2157525794755202,
            "max": 1.3759867896684834,
            "count": 4
        },
        "SudokuAgent.Losses.ValueLoss.mean": {
            "value": 24.080540638830925,
            "min": 24.080540638830925,
            "max": 143.04311765233675,
            "count": 4
        },
        "SudokuAgent.Losses.ValueLoss.sum": {
            "value": 577.9329753319422,
            "min": 577.9329753319422,
            "max": 3433.034823656082,
            "count": 4
        },
        "SudokuAgent.Policy.LearningRate.mean": {
            "value": 0.0002894835035055,
            "min": 0.0002894835035055,
            "max": 0.0002984625005125,
            "count": 4
        },
        "SudokuAgent.Policy.LearningRate.sum": {
            "value": 0.0069476040841319996,
            "min": 0.0069476040841319996,
            "max": 0.007312425062525,
            "count": 4
        },
        "SudokuAgent.Policy.Epsilon.mean": {
            "value": 0.19649450000000002,
            "min": 0.19649450000000002,
            "max": 0.1994875,
            "count": 4
        },
        "SudokuAgent.Policy.Epsilon.sum": {
            "value": 4.715868,
            "min": 4.715868,
            "max": 4.937475,
            "count": 4
        },
        "SudokuAgent.Policy.Beta.mean": {
            "value": 0.009649800549999999,
            "min": 0.009649800549999999,
            "max": 0.00994880125,
            "count": 4
        },
        "SudokuAgent.Policy.Beta.sum": {
            "value": 0.23159521319999998,
            "min": 0.23159521319999998,
            "max": 0.24375375250000003,
            "count": 4
        },
        "SudokuAgent.IsTraining.mean": {
            "value": 1.0,
            "min": 1.0,
            "max": 1.0,
            "count": 4
        },
        "SudokuAgent.IsTraining.sum": {
            "value": 1.0,
            "min": 1.0,
            "max": 1.0,
            "count": 4
        }
    },
    "metadata": {
        "timer_format_version": "0.1.0",
        "start_time_seconds": "1733616294",
        "python_version": "3.10.2 (tags/v3.10.2:a58ebcc, Jan 17 2022, 14:12:15) [MSC v.1929 64 bit (AMD64)]",
        "command_line_arguments": "C:\\Users\\Kuba\\AppData\\Local\\Programs\\Python\\Python310\\Scripts\\mlagents-learn config2.yaml --run-id=agent6sumy",
        "mlagents_version": "1.1.0",
        "mlagents_envs_version": "1.1.0",
        "communication_protocol_version": "1.5.0",
        "pytorch_version": "2.5.1+cpu",
        "numpy_version": "1.23.5",
        "end_time_seconds": "1733618677"
    },
    "total": 2383.558082100004,
    "count": 1,
    "self": 0.01744570001028478,
    "children": {
        "run_training.setup": {
            "total": 0.11024639999959618,
            "count": 1,
            "self": 0.11024639999959618
        },
        "TrainerController.start_learning": {
            "total": 2383.430389999994,
            "count": 1,
            "self": 7.182124255225062,
            "children": {
                "TrainerController._reset_env": {
                    "total": 25.15930100006517,
                    "count": 1,
                    "self": 25.15930100006517
                },
                "TrainerController.advance": {
                    "total": 2350.8595976447687,
                    "count": 403396,
                    "self": 6.08657084510196,
                    "children": {
                        "env_step": {
                            "total": 2207.8374641288538,
                            "count": 403396,
                            "self": 1679.2027077247621,
                            "children": {
                                "SubprocessEnvManager._take_step": {
                                    "total": 523.7142369973008,
                                    "count": 403396,
                                    "self": 16.87410873931367,
                                    "children": {
                                        "TorchPolicy.evaluate": {
                                            "total": 506.8401282579871,
                                            "count": 403396,
                                            "self": 506.8401282579871
                                        }
                                    }
                                },
                                "workers": {
                                    "total": 4.920519406790845,
                                    "count": 403395,
                                    "self": 0.0,
                                    "children": {
                                        "worker_root": {
                                            "total": 2350.8063118228456,
                                            "count": 403395,
                                            "is_parallel": true,
                                            "self": 1000.6635882970877,
                                            "children": {
                                                "steps_from_proto": {
                                                    "total": 0.0004910000134259462,
                                                    "count": 1,
                                                    "is_parallel": true,
                                                    "self": 0.00020810007117688656,