{"count":1,"self":230.94062079999998,"total":1139.1033539999999,"children":{"InitializeActuators":{"count":1,"self":0.0010381,"total":0.0010381,"children":null},"InitializeSensors":{"count":1,"self":0.0015475999999999999,"total":0.0015475999999999999,"children":null},"AgentSendState":{"count":255817,"self":1.5297475999999999,"total":19.1582774,"children":{"CollectObservations":{"count":255817,"self":1.1407057999999999,"total":1.1407057999999999,"children":null},"WriteActionMask":{"count":255817,"self":12.0046752,"total":12.004675599999999,"children":null},"RequestDecision":{"count":255817,"self":0.8239269,"total":4.4831484,"children":{"AgentInfo.ToProto":{"count":255817,"self":1.1768878999999999,"total":3.6592214999999997,"children":{"GenerateSensorData":{"count":255817,"self":2.4823336,"total":2.4823336,"children":null}}}}}}},"DecideAction":{"count":255817,"self":845.33094399999993,"total":845.33094959999994,"children":null},"AgentAct":{"count":255817,"self":43.6261504,"total":43.6699225,"children":{"AgentInfo.ToProto":{"count":2558,"self":0.015017399999999998,"total":0.0437737,"children":{"GenerateSensorData":{"count":2558,"self":0.0287563,"total":0.0287563,"children":null}}}}}},"gauges":{"SudokuAgent.CumulativeReward":{"count":2558,"max":122.4555,"min":-1770.21179,"runningAverage":-791.177734,"value":-1370.01538,"weightedAverage":-1293.7002}},"metadata":{"timer_format_version":"0.1.0","start_time_seconds":"1736525413","unity_version":"2022.3.21f1","command_line_arguments":"D:\\unitka\\2022.3.21f1\\Editor\\Unity.exe -projectpath E:\\github\\GitHub\\Praca-inzynierska -useHub -hubIPC -cloudEnvironment production -licensingIpc LicenseClient-Kuba -hubSessionId ea0e3b8a-d450-4c63-9d5d-91661504a708 -accessToken dMwi_QhoghfihO7ezdVKBdMehE0zNw2oTunm1n9Qlm8012f","communication_protocol_version":"1.5.0","com.unity.ml-agents_version":"2.0.1","scene_name":"Doku","end_time_seconds":"1736526552"}}