{"count":1,"self":363.121024,"total":3177.5807858999997,"children":{"InitializeActuators":{"count":1,"self":0.0015126,"total":0.0015126,"children":null},"InitializeSensors":{"count":1,"self":0.0025257,"total":0.0025257,"children":null},"AgentSendState":{"count":518101,"self":3.7165391999999997,"total":17.997068499999997,"children":{"CollectObservations":{"count":518101,"self":1.2996759999999998,"total":1.2996759999999998,"children":null},"WriteActionMask":{"count":518101,"self":0.6862535,"total":0.6862535,"children":null},"RequestDecision":{"count":518101,"self":2.7512882,"total":12.2945999,"children":{"AgentInfo.ToProto":{"count":518101,"self":2.6795944,"total":9.5433117,"children":{"GenerateSensorData":{"count":518101,"self":6.8637175999999993,"total":6.8637174,"children":null}}}}}}},"DecideAction":{"count":518101,"self":2405.5830527999997,"total":2405.5829504999997,"children":null},"AgentAct":{"count":518101,"self":390.771456,"total":390.8746834,"children":{"AgentInfo.ToProto":{"count":5181,"self":0.024728899999999998,"total":0.10323299999999999,"children":{"GenerateSensorData":{"count":5181,"self":0.0785041,"total":0.0785041,"children":null}}}}}},"gauges":{"SudokuAgent.CumulativeReward":{"count":5181,"max":-126.600052,"min":-180.699982,"runningAverage":-153.641,"value":-141.300049,"weightedAverage":-150.904022}},"metadata":{"timer_format_version":"0.1.0","start_time_seconds":"1733147608","unity_version":"2022.3.21f1","command_line_arguments":"C:\\Program Files\\Unity\\Hub\\Editor\\2022.3.21f1\\Editor\\Unity.exe -projectpath D:\\Users\\admin-1\\Documents\\GitHub\\Praca-in-ynierska -useHub -hubIPC -cloudEnvironment production -licensingIpc LicenseClient-admin-1 -hubSessionId 8a54ad9f-4b7f-474b-b457-6246f33e6b44 -accessToken wklyok1WRmZH9OP2qJsA91MHQKma9cj9x47lYAxwKAs012f","communication_protocol_version":"1.5.0","com.unity.ml-agents_version":"2.0.1","scene_name":"Doku","end_time_seconds":"1733150785"}}