{"count":1,"self":17115.5800064,"total":49827.7740334,"children":{"InitializeActuators":{"count":1,"self":0.0010004,"total":0.0010004,"children":null},"InitializeSensors":{"count":1,"self":0.0020008,"total":0.0020008,"children":null},"AgentSendState":{"count":9008301,"self":42.759904,"total":519.75016299999993,"children":{"CollectObservations":{"count":9008301,"self":32.9436416,"total":32.943640699999996,"children":null},"WriteActionMask":{"count":9008301,"self":300.58739199999997,"total":300.5874042,"children":null},"RequestDecision":{"count":9008301,"self":29.3178432,"total":143.45921339999998,"children":{"AgentInfo.ToProto":{"count":9008301,"self":36.5254304,"total":114.1413714,"children":{"GenerateSensorData":{"count":9008301,"self":77.6159424,"total":77.6159407,"children":null}}}}}}},"DecideAction":{"count":9008301,"self":30219.7571584,"total":30219.7572811,"children":null},"AgentAct":{"count":9008301,"self":1971.2360448,"total":1972.6733181999998,"children":{"AgentInfo.ToProto":{"count":90083,"self":0.4687609,"total":1.437281,"children":{"GenerateSensorData":{"count":90083,"self":0.9685201,"total":0.9685201,"children":null}}}}}},"gauges":{"SudokuAgent.CumulativeReward":{"count":90083,"max":359.200165,"min":-172.499939,"runningAverage":8.367697,"value":86.1999741,"weightedAverage":60.3972435}},"metadata":{"timer_format_version":"0.1.0","start_time_seconds":"1733950058","unity_version":"2022.3.21f1","command_line_arguments":"D:\\unitka\\2022.3.21f1\\Editor\\Unity.exe -projectpath E:\\github\\GitHub\\Praca-inzynierska -useHub -hubIPC -cloudEnvironment production -licensingIpc LicenseClient-Kuba -hubSessionId 0804f100-a45b-4139-9f52-e6b20db79e17 -accessToken fB7gzfkzdzatui1VEcnOKNjjZZU9yFRD9FJOd1dX0c8012f","communication_protocol_version":"1.5.0","com.unity.ml-agents_version":"2.0.1","scene_name":"Doku","end_time_seconds":"1733999883"}}