{"count":1,"self":27.191295999999998,"total":27.5316935,"children":{"InitializeActuators":{"count":1,"self":0.00099969999999999985,"total":0.00099969999999999985,"children":null},"InitializeSensors":{"count":1,"self":0.0019942,"total":0.0039943999999999995,"children":{"CreateObservableSensors":{"count":1,"self":0.0020001999999999997,"total":0.0020001999999999997,"children":null}}},"AgentSendState":{"count":111,"self":0.0039951,"total":0.0640417,"children":{"CollectObservations":{"count":111,"self":0.0030014,"total":0.0030014,"children":null},"WriteActionMask":{"count":111,"self":0.0020019,"total":0.0020019,"children":null},"RequestDecision":{"count":111,"self":0.055043299999999996,"total":0.055043299999999996,"children":null}}},"DecideAction":{"count":111,"self":0.22983779999999998,"total":0.22983779999999998,"children":null},"AgentAct":{"count":111,"self":0.0405234,"total":0.0405234,"children":null}},"gauges":{"SudokuAgent.CumulativeReward":{"count":1,"max":120.000153,"min":120.000153,"runningAverage":120.000153,"value":120.000153,"weightedAverage":120.000153}},"metadata":{"timer_format_version":"0.1.0","start_time_seconds":"1737769892","unity_version":"2022.3.21f1","command_line_arguments":"D:\\unitka\\2022.3.21f1\\Editor\\Unity.exe -projectpath E:\\github\\GitHub\\Praca-inzynierska -useHub -hubIPC -cloudEnvironment production -licensingIpc LicenseClient-Kuba -hubSessionId f1ca908d-7b95-440e-8b98-9f30d48b7ad1 -accessToken rcp2ZZyhpd0qksu605naWGcLNMiLnLwKwdxPMV85C5Y012f","communication_protocol_version":"1.5.0","com.unity.ml-agents_version":"2.0.1","scene_name":"Doku","end_time_seconds":"1737769919"}}