{
    "name": "root",
    "gauges": {
        "SudokuAgent.Policy.Entropy.mean": {
            "value": 3.254379987716675,
            "min": 3.254379987716675,
            "max": 6.4759039878845215,
            "count": 100
        },
        "SudokuAgent.Policy.Entropy.sum": {
            "value": 325438.0,
            "min": 325438.0,
            "max": 647590.375,
            "count": 100
        },
        "SudokuAgent.Step.mean": {
            "value": 9999964.0,
            "min": 99964.0,
            "max": 9999964.0,
            "count": 100
        },
        "SudokuAgent.Step.sum": {
            "value": 9999964.0,
            "min": 99964.0,
            "max": 9999964.0,
            "count": 100
        },
        "SudokuAgent.Policy.ExtrinsicValueEstimate.mean": {
            "value": 91.47815704345703,
            "min": -123.12098693847656,
            "max": 92.7353744506836,
            "count": 100
        },
        "SudokuAgent.Policy.ExtrinsicValueEstimate.sum": {
            "value": 182956.3125,
            "min": -246241.96875,
            "max": 185470.75,
            "count": 100
        },
        "SudokuAgent.Environment.EpisodeLength.mean": {
            "value": 99.0,
            "min": 99.0,
            "max": 99.0,
            "count": 100
        },
        "SudokuAgent.Environment.EpisodeLength.sum": {
            "value": 99000.0,
            "min": 99000.0,
            "max": 99000.0,
            "count": 100
        },
        "SudokuAgent.Environment.CumulativeReward.mean": {
            "value": 40.823498170912266,
            "min": -109.66046256584687,
            "max": 42.214197863548996,
            "count": 100
        },
        "SudokuAgent.Environment.CumulativeReward.sum": {
            "value": 40823.498170912266,
            "min": -109550.80210328102,
            "max": 42214.197863548994,
            "count": 100
        },
        "SudokuAgent.Policy.ExtrinsicReward.mean": {
            "value": 40.823498170912266,
            "min": -109.66046256584687,
            "max": 42.214197863548996,
            "count": 100
        },
        "SudokuAgent.Policy.ExtrinsicReward.sum": {
            "value": 40823.498170912266,
            "min": -109550.80210328102,
            "max": 42214.197863548994,
            "count": 100
        },
        "SudokuAgent.Losses.PolicyLoss.mean": {
            "value": 0.048287820666834395,
            "min": 0.046287027657769306,
            "max": 0.05457743919978385,
            "count": 100
        },
        "SudokuAgent.Losses.PolicyLoss.sum": {
            "value": 1.20719551667086,
            "min": 1.1192810533102602,
            "max": 1.3644359799945962,
            "count": 100
        },
        "SudokuAgent.Losses.ValueLoss.mean": {
            "value": 271.52671132405595,
            "min": 10.669954240322113,
            "max": 271.52671132405595,
            "count": 100
        },
        "SudokuAgent.Losses.ValueLoss.sum": {
            "value": 6788.167783101399,
            "min": 256.0789017677307,
            "max": 6788.167783101399,
            "count": 100
        },
        "SudokuAgent.Policy.LearningRate.mean": {
            "value": 1.4790995069999995e-06,
            "min": 1.4790995069999995e-06,
            "max": 0.0002984625005125,
            "count": 100
        },
        "SudokuAgent.Policy.LearningRate.sum": {
            "value": 3.697748767499999e-05,
            "min": 3.697748767499999e-05,
            "max": 0.007312425062525,
            "count": 100
        },
        "SudokuAgent.Policy.Epsilon.mean": {
            "value": 0.10049300000000003,
            "min": 0.10049300000000003,
            "max": 0.1994875,
            "count": 100
        },
        "SudokuAgent.Policy.Epsilon.sum": {
            "value": 2.5123250000000006,
            "min": 2.43594,
            "max": 4.937475,
            "count": 100
        },
        "SudokuAgent.Policy.Beta.mean": {
            "value": 5.92507e-05,
            "min": 5.92507e-05,
            "max": 0.00994880125,
            "count": 100
        },
        "SudokuAgent.Policy.Beta.sum": {
            "value": 0.0014812675,
            "min": 0.0014812675,
            "max": 0.24375375250000003,
            "count": 100
        },
        "SudokuAgent.IsTraining.mean": {
            "value": 1.0,
            "min": 1.0,
            "max": 1.0,
            "count": 100
        },
        "SudokuAgent.IsTraining.sum": {
            "value": 1.0,
            "min": 1.0,
            "max": 1.0,
            "count": 100
        }
    },
    "metadata": {
        "timer_format_version": "0.1.0",
        "start_time_seconds": "1733522859",
        "python_version": "3.10.2 (tags/v3.10.2:a58ebcc, Jan 17 2022, 14:12:15) [MSC v.1929 64 bit (AMD64)]",
        "command_line_arguments": "C:\\Users\\Kuba\\AppData\\Local\\Programs\\Python\\Python310\\Scripts\\mlagents-learn config2.yaml --run-id=newagent3",
        "mlagents_version": "1.1.0",
        "mlagents_envs_version": "1.1.0",
        "communication_protocol_version": "1.5.0",
        "pytorch_version": "2.5.1+cpu",
        "numpy_version": "1.23.5",
        "end_time_seconds": "1733571068"
    },
    "total": 48209.130311899935,
    "count": 1,
    "self": 0.020592199987731874,
    "children": {
        "run_training.setup": {
            "total": 0.1487286000046879,
            "count": 1,
            "self": 0.1487286000046879
        },
        "TrainerController.start_learning": {
            "total": 48208.96099109994,
            "count": 1,
            "self": 122.58031330979429,
            "children": {
                "TrainerController._reset_env": {
                    "total": 13.151000399957411,
                    "count": 1,
                    "self": 13.151000399957411
                },
                "TrainerController.advance": {
                    "total": 48073.13902849017,
                    "count": 10000064,
                    "self": 114.63958241906948,
                    "children": {
                        "env_step": {
                            "total": 45157.46332334867,
                            "count": 10000064,
                            "self": 34973.42834258918,
                            "children": {
                                "SubprocessEnvManager._take_step": {
                                    "total": 10097.292146121501,
                                    "count": 10000064,
                                    "self": 322.0512375885155,
                                    "children": {
                                        "TorchPolicy.evaluate": {
                                            "total": 9775.240908532985,
                                            "count": 10000064,
                                            "self": 9775.240908532985
                                        }
                                    }
                                },
                                "workers": {
                                    "total": 86.74283463798929,
                                    "count": 10000064,
                                    "self": 0.0,
                                    "children": {
                                        "worker_root": {
                                            "total": 48050.783568050014,
                                            "count": 10000064,
                                            "is_parallel": true,
                                            "self": 18867.553823007154,
                                            "children": {
                                                "steps_from_proto": {
                                                    "total": 0.0003258000360801816,
                                                    "count": 1,
                                                    "is_parallel": true,