{
    "name": "root",
    "metadata": {
        "timer_format_version": "0.1.0",
        "start_time_seconds": "1733940851",
        "python_version": "3.10.2 (tags/v3.10.2:a58ebcc, Jan 17 2022, 14:12:15) [MSC v.1929 64 bit (AMD64)]",
        "command_line_arguments": "C:\\Users\\Kuba\\AppData\\Local\\Programs\\Python\\Python310\\Scripts\\mlagents-learn config2.yaml --run-id=mask",
        "mlagents_version": "1.1.0",
        "mlagents_envs_version": "1.1.0",
        "communication_protocol_version": "1.5.0",
        "pytorch_version": "2.5.1+cpu",
        "numpy_version": "1.23.5",
        "end_time_seconds": "1733940985"
    },
    "total": 134.83551849995274,
    "count": 1,
    "self": 0.00967200007289648,
    "children": {
        "run_training.setup": {
            "total": 0.18986379995476454,
            "count": 1,
            "self": 0.18986379995476454
        },
        "TrainerController.start_learning": {
            "total": 134.63598269992508,
            "count": 1,
            "self": 0.15584739274345338,
            "children": {
                "TrainerController._reset_env": {
                    "total": 14.273798099951819,
                    "count": 1,
                    "self": 14.273798099951819
                },
                "TrainerController.advance": {
                    "total": 116.54167610721197,
                    "count": 11067,
                    "self": 0.13506462052464485,
                    "children": {
                        "env_step": {
                            "total": 113.5386568979593,
                            "count": 11067,
                            "self": 100.70756549935322,
                            "children": {
                                "SubprocessEnvManager._take_step": {
                                    "total": 12.722605505608954,
                                    "count": 11068,
                                    "self": 0.3802318056114018,
                                    "children": {
                                        "TorchPolicy.evaluate": {
                                            "total": 12.342373699997552,
                                            "count": 11068,
                                            "self": 12.342373699997552
                                        }
                                    }
                                },
                                "workers": {
                                    "total": 0.1084858929971233,
                                    "count": 11066,
                                    "self": 0.0,
                                    "children": {
                                        "worker_root": {
                                            "total": 98.86578769877087,
                                            "count": 11066,
                                            "is_parallel": true,
                                            "self": 25.534743700292893,
                                            "children": {
                                                "steps_from_proto": {
                                                    "total": 0.0029581000562757254,
                                                    "count": 1,
                                                    "is_parallel": true,
                                                    "self": 0.0008515999652445316,
                                                    "children": {
                                                        "_process_rank_one_or_two_observation": {
                                                            "total": 0.0021065000910311937,
                                                            "count": 2,
                                                            "is_parallel": true,
                                                            "self": 0.0021065000910311937
                                                        }
                                                    }
                                                },
                                                "UnityEnvironment.step": {
                                                    "total": 73.3280858984217,
                                                    "count": 11066,
                                                    "is_parallel": true,
                                                    "self": 0.7388621881837025,
                                                    "children": {
                                                        "UnityEnvironment._generate_step_input": {
                                                            "total": 0.5899254034738988,
                                                            "count": 11066,
                                                            "is_parallel": true,
                                                            "self": 0.5899254034738988
                                                        },
                                                        "communicator.exchange": {
                                                            "total": 69.38255180290435,
                                                            "count": 11066,
                                                            "is_parallel": true,
                                                            "self": 69.38255180290435
                                                        },
                                                        "steps_from_proto": {
                                                            "total": 2.6167465038597584,
                                                            "count": 11066,
                                                            "is_parallel": true,
                                                            "self": 1.6379172053420916,
                                                            "children": {
                                                                "_process_rank_one_or_two_observation": {
                                                                    "total": 0.9788292985176668,
                                                                    "count": 22132,
                                                                    "is_parallel": true,
                                                                    "self": 0.9788292985176668
                                                                }
                                                            }
                                                        }
                                                    }
                                                }
                                            }
                                        }
                                    }
                                }
                            }
                        },
                        "trainer_advance": {
                            "total": 2.8679545887280256,
                            "count": 11066,
                            "self": 0.18503668648190796,
                            "children": {
                                "process_trajectory": {
                                    "total": 0.8003787022316828,
                                    "count": 11066,
                                    "self": 0.8003787022316828
                                },
                                "_update_policy": {
                                    "total": 1.8825392000144348,
                                    "count": 2,
                                    "self": 0.9453572004567832,
                                    "children": {
                                        "TorchPPOOptimizer.update": {
                                            "total": 0.9371819995576516,
                                            "count": 96,