{
    "name": "root",
    "gauges": {
        "SudokuAgent.Policy.Entropy.mean": {
            "value": 5.543040752410889,
            "min": 5.543040752410889,
            "max": 6.527688980102539,
            "count": 62
        },
        "SudokuAgent.Policy.Entropy.sum": {
            "value": 277152.03125,
            "min": 277152.03125,
            "max": 326384.4375,
            "count": 62
        },
        "SudokuAgent.Step.mean": {
            "value": 3099964.0,
            "min": 49964.0,
            "max": 3099964.0,
            "count": 62
        },
        "SudokuAgent.Step.sum": {
            "value": 3099964.0,
            "min": 49964.0,
            "max": 3099964.0,
            "count": 62
        },
        "SudokuAgent.Policy.ExtrinsicValueEstimate.mean": {
            "value": -226.4555206298828,
            "min": -261.9031677246094,
            "max": -57.37847137451172,
            "count": 62
        },
        "SudokuAgent.Policy.ExtrinsicValueEstimate.sum": {
            "value": -226455.515625,
            "min": -261903.15625,
            "max": -57321.09375,
            "count": 62
        },
        "SudokuAgent.Policy.CuriosityValueEstimate.mean": {
            "value": -0.002498983172699809,
            "min": -0.15660463273525238,
            "max": 2.3513588905334473,
            "count": 62
        },
        "SudokuAgent.Policy.CuriosityValueEstimate.sum": {
            "value": -2.498983144760132,
            "min": -156.60462951660156,
            "max": 2349.007568359375,
            "count": 62
        },
        "SudokuAgent.Environment.EpisodeLength.mean": {
            "value": 99.0,
            "min": 99.0,
            "max": 99.0,
            "count": 62
        },
        "SudokuAgent.Environment.EpisodeLength.sum": {
            "value": 49500.0,
            "min": 49500.0,
            "max": 49500.0,
            "count": 62
        },
        "SudokuAgent.Environment.CumulativeReward.mean": {
            "value": -59.046202538371084,
            "min": -112.83226692604875,
            "max": -59.046202538371084,
            "count": 62
        },
        "SudokuAgent.Environment.CumulativeReward.sum": {
            "value": -29523.101269185543,
            "min": -56303.30119609833,
            "max": -29523.101269185543,
            "count": 62
        },
        "SudokuAgent.Policy.ExtrinsicReward.mean": {
            "value": -59.046202538371084,
            "min": -112.83226692604875,
            "max": -59.046202538371084,
            "count": 62
        },
        "SudokuAgent.Policy.ExtrinsicReward.sum": {
            "value": -29523.101269185543,
            "min": -56303.30119609833,
            "max": -29523.101269185543,
            "count": 62
        },
        "SudokuAgent.Policy.CuriosityReward.mean": {
            "value": 0.002306705309674726,
            "min": 0.0022273975963180417,
            "max": 4.449982293050938,
            "count": 62
        },
        "SudokuAgent.Policy.CuriosityReward.sum": {
            "value": 1.153352654837363,
            "min": 1.113698798159021,
            "max": 2220.541164232418,
            "count": 62
        },
        "SudokuAgent.Losses.PolicyLoss.mean": {
            "value": 0.05390381828627329,
            "min": 0.05202582016014882,
            "max": 0.058827223964423574,
            "count": 62
        },
        "SudokuAgent.Losses.PolicyLoss.sum": {
            "value": 0.7007496377215527,
            "min": 0.6243098419217858,
            "max": 0.7395635166127856,
            "count": 62
        },
        "SudokuAgent.Losses.ValueLoss.mean": {
            "value": 6.5847813326578875,
            "min": 5.257953350360577,
            "max": 25.189400252368713,
            "count": 62
        },
        "SudokuAgent.Losses.ValueLoss.sum": {
            "value": 85.60215732455254,
            "min": 63.59542961915334,
            "max": 302.27280302842456,
            "count": 62
        },
        "SudokuAgent.Policy.LearningRate.mean": {
            "value": 0.00020775003075,
            "min": 0.00020775003075,
            "max": 0.0002992005002665,
            "count": 62
        },
        "SudokuAgent.Policy.LearningRate.sum": {
            "value": 0.00270075039975,
            "min": 0.00251145036285,
            "max": 0.0037928670357109994,
            "count": 62
        },
        "SudokuAgent.Policy.Epsilon.mean": {
            "value": 0.16925,
            "min": 0.16925,
            "max": 0.1997335,
            "count": 62
        },
        "SudokuAgent.Policy.Epsilon.sum": {
            "value": 2.20025,
            "min": 2.03715,
            "max": 2.564289,
            "count": 62
        },
        "SudokuAgent.Policy.Beta.mean": {
            "value": 0.0069280750000000006,
            "min": 0.0069280750000000006,
            "max": 0.00997337665,
            "count": 62
        },
        "SudokuAgent.Policy.Beta.sum": {
            "value": 0.090064975,
            "min": 0.083751285,
            "max": 0.12643247110000003,
            "count": 62
        },
        "SudokuAgent.Losses.CuriosityForwardLoss.mean": {
            "value": 0.0018450680881170018,
            "min": 0.001671666434857697,
            "max": 8.915453203358789,
            "count": 62
        },
        "SudokuAgent.Losses.CuriosityForwardLoss.sum": {
            "value": 0.023985885145521024,
            "min": 0.020059997218292363,
            "max": 106.98543844030547,
            "count": 62
        },
        "SudokuAgent.Losses.CuriosityInverseLoss.mean": {
            "value": 5.859119759920317,
            "min": 5.859119759920317,
            "max": 6.622176388899484,
            "count": 62
        },
        "SudokuAgent.Losses.CuriosityInverseLoss.sum": {
            "value": 76.16855687896411,
            "min": 70.60333848992984,
            "max": 84.72898633281389,
            "count": 62
        },
        "SudokuAgent.IsTraining.mean": {
            "value": 1.0,
            "min": 1.0,
            "max": 1.0,
            "count": 62
        },
        "SudokuAgent.IsTraining.sum": {
            "value": 1.0,
            "min": 1.0,
            "max": 1.0,
            "count": 62
        }
    },
    "metadata": {
        "timer_format_version": "0.1.0",
        "start_time_seconds": "1733503633",
        "python_version": "3.10.2 (tags/v3.10.2:a58ebcc, Jan 17 2022, 14:12:15) [MSC v.1929 64 bit (AMD64)]",
        "command_line_arguments": "C:\\Users\\Kuba\\AppData\\Local\\Programs\\Python\\Python310\\Scripts\\mlagents-learn config3.yaml --run-id=newagent2",
        "mlagents_version": "1.1.0",
        "mlagents_envs_version": "1.1.0",
        "communication_protocol_version": "1.5.0",
        "pytorch_version": "2.5.1+cpu",
        "numpy_version": "1.23.5",
        "end_time_seconds": "1733522755"
    },
    "total": 19121.30375250004,
    "count": 1,
    "self": 0.27048010006546974,
    "children": {
        "run_training.setup": {
            "total": 0.09370159998070449,
            "count": 1,
            "self": 0.09370159998070449
        },
        "TrainerController.start_learning": {
            "total": 19120.939570799994,
            "count": 1,
            "self": 51.53047938889358,
            "children": {
                "TrainerController._reset_env": {
                    "total": 12.022444100002758,
                    "count": 1,
                    "self": 12.022444100002758
                },
                "TrainerController.advance": {
                    "total": 19057.219320511038,
                    "count": 3127500,
                    "self": 43.08673990267562,
                    "children": {
                        "env_step": {
                            "total": 16321.011865593086,
                            "count": 3127500,
                            "self": 12054.200577064534,