{
    "name": "root",
    "gauges": {
        "SudokuAgent.Policy.Entropy.mean": {
            "value": 4.703076362609863,
            "min": 4.703076362609863,
            "max": 5.525279521942139,
            "count": 15
        },
        "SudokuAgent.Policy.Entropy.sum": {
            "value": 235153.8125,
            "min": 235153.8125,
            "max": 276263.96875,
            "count": 15
        },
        "SudokuAgent.Environment.EpisodeLength.mean": {
            "value": 99.0,
            "min": 99.0,
            "max": 99.0,
            "count": 15
        },
        "SudokuAgent.Environment.EpisodeLength.sum": {
            "value": 49500.0,
            "min": 49500.0,
            "max": 49500.0,
            "count": 15
        },
        "SudokuAgent.Step.mean": {
            "value": 749900.0,
            "min": 49900.0,
            "max": 749900.0,
            "count": 15
        },
        "SudokuAgent.Step.sum": {
            "value": 749900.0,
            "min": 49900.0,
            "max": 749900.0,
            "count": 15
        },
        "SudokuAgent.Policy.ExtrinsicValueEstimate.mean": {
            "value": -312.4328308105469,
            "min": -312.4328308105469,
            "max": -68.53018188476562,
            "count": 15
        },
        "SudokuAgent.Policy.ExtrinsicValueEstimate.sum": {
            "value": -156216.421875,
            "min": -156216.421875,
            "max": -34196.5625,
            "count": 15
        },
        "SudokuAgent.Policy.CuriosityValueEstimate.mean": {
            "value": 0.08469037711620331,
            "min": 0.07143307477235794,
            "max": 2.973586320877075,
            "count": 15
        },
        "SudokuAgent.Policy.CuriosityValueEstimate.sum": {
            "value": 42.34518814086914,
            "min": 35.71653747558594,
            "max": 1483.819580078125,
            "count": 15
        },
        "SudokuAgent.Environment.CumulativeReward.mean": {
            "value": -273.3767836914063,
            "min": -273.3767836914063,
            "max": -257.57352797636287,
            "count": 15
        },
        "SudokuAgent.Environment.CumulativeReward.sum": {
            "value": -136688.39184570312,
            "min": -136688.39184570312,
            "max": -128529.19046020508,
            "count": 15
        },
        "SudokuAgent.Policy.ExtrinsicReward.mean": {
            "value": -273.3767836914063,
            "min": -273.3767836914063,
            "max": -257.57352797636287,
            "count": 15
        },
        "SudokuAgent.Policy.ExtrinsicReward.sum": {
            "value": -136688.39184570312,
            "min": -136688.39184570312,
            "max": -128529.19046020508,
            "count": 15
        },
        "SudokuAgent.Policy.CuriosityReward.mean": {
            "value": 0.0869792284592986,
            "min": 0.0384824868645519,
            "max": 7.658157308826705,
            "count": 15
        },
        "SudokuAgent.Policy.CuriosityReward.sum": {
            "value": 43.489614229649305,
            "min": 19.24124343227595,
            "max": 3821.4204971045256,
            "count": 15
        },
        "SudokuAgent.Losses.PolicyLoss.mean": {
            "value": 0.04044038223801181,
            "min": 0.03743136328460727,
            "max": 0.04145783964389314,
            "count": 15
        },
        "SudokuAgent.Losses.PolicyLoss.sum": {
            "value": 0.24264229342807084,
            "min": 0.2245881797076436,
            "max": 0.2793494223209564,
            "count": 15
        },
        "SudokuAgent.Losses.ValueLoss.mean": {
            "value": 19.31181775927544,
            "min": 19.31181775927544,
            "max": 152.41582249800365,
            "count": 15
        },
        "SudokuAgent.Losses.ValueLoss.sum": {
            "value": 115.87090655565264,
            "min": 115.87090655565264,
            "max": 914.4949349880219,
            "count": 15
        },
        "SudokuAgent.Policy.LearningRate.mean": {
            "value": 9.2743007257e-05,
            "min": 9.2743007257e-05,
            "max": 9.9713000287e-05,
            "count": 15
        },
        "SudokuAgent.Policy.LearningRate.sum": {
            "value": 0.000556458043542,
            "min": 0.000556458043542,
            "max": 0.0006632640367360001,
            "count": 15
        },
        "SudokuAgent.Policy.Epsilon.mean": {
            "value": 0.19274300000000003,
            "min": 0.19274300000000003,
            "max": 0.19971300000000003,
            "count": 15
        },
        "SudokuAgent.Policy.Epsilon.sum": {
            "value": 1.1564580000000002,
            "min": 1.1564580000000002,
            "max": 1.3632640000000003,
            "count": 15
        },
        "SudokuAgent.Policy.Beta.mean": {
            "value": 0.0046378756999999994,
            "min": 0.0046378756999999994,
            "max": 0.0049856787,
            "count": 15
        },
        "SudokuAgent.Policy.Beta.sum": {
            "value": 0.0278272542,
            "min": 0.0278272542,
            "max": 0.0331668736,
            "count": 15
        },
        "SudokuAgent.Losses.CuriosityForwardLoss.mean": {
            "value": 0.030413137581975506,
            "min": 0.0229510064702481,
            "max": 96.89484867059316,
            "count": 15
        },
        "SudokuAgent.Losses.CuriosityForwardLoss.sum": {
            "value": 0.18247882549185304,
            "min": 0.1377060388214886,
            "max": 581.369092023559,
            "count": 15
        },
        "SudokuAgent.Losses.CuriosityInverseLoss.mean": {
            "value": 5.852325678865115,
            "min": 5.852325678865115,
            "max": 6.866674316922825,
            "count": 15
        },
        "SudokuAgent.Losses.CuriosityInverseLoss.sum": {
            "value": 35.11395407319069,
            "min": 35.11395407319069,
            "max": 42.71862728595733,
            "count": 15
        },
        "SudokuAgent.IsTraining.mean": {
            "value": 1.0,
            "min": 1.0,
            "max": 1.0,
            "count": 15
        },
        "SudokuAgent.IsTraining.sum": {
            "value": 1.0,
            "min": 1.0,
            "max": 1.0,
            "count": 15
        }
    },
    "metadata": {
        "timer_format_version": "0.1.0",
        "start_time_seconds": "1734298279",
        "python_version": "3.10.2 (tags/v3.10.2:a58ebcc, Jan 17 2022, 14:12:15) [MSC v.1929 64 bit (AMD64)]",
        "command_line_arguments": "C:\\Users\\Kuba\\AppData\\Local\\Programs\\Python\\Python310\\Scripts\\mlagents-learn config3.yaml --run-id=version6",
        "mlagents_version": "1.1.0",
        "mlagents_envs_version": "1.1.0",
        "communication_protocol_version": "1.5.0",
        "pytorch_version": "2.5.1+cpu",
        "numpy_version": "1.23.5",
        "end_time_seconds": "1734307898"
    },
    "total": 9619.763472000137,
    "count": 1,
    "self": 0.5213453001342714,
    "children": {
        "run_training.setup": {
            "total": 0.16272519994527102,
            "count": 1,
            "self": 0.16272519994527102
        },
        "TrainerController.start_learning": {
            "total": 9619.079401500057,
            "count": 1,
            "self": 14.712758999550715,
            "children": {
                "TrainerController._reset_env": {
                    "total": 21.172526200069115,
                    "count": 1,
                    "self": 21.172526200069115
                },
                "TrainerController.advance": {
                    "total": 9583.082938700449,
                    "count": 762372,
                    "self": 12.008577204542235,
                    "children": {
                        "env_step": {
                            "total": 4132.1215699007735,
                            "count": 762372,
                            "self": 2879.4210397987626,