{
    "name": "root",
    "gauges": {
        "SudokuAgent.Policy.Entropy.mean": {
            "value": 2.1751556396484375,
            "min": 1.9189153909683228,
            "max": 6.580418109893799,
            "count": 581
        },
        "SudokuAgent.Policy.Entropy.sum": {
            "value": 21751.556640625,
            "min": 19189.154296875,
            "max": 65804.1796875,
            "count": 581
        },
        "SudokuAgent.Step.mean": {
            "value": 5809964.0,
            "min": 9964.0,
            "max": 5809964.0,
            "count": 581
        },
        "SudokuAgent.Step.sum": {
            "value": 5809964.0,
            "min": 9964.0,
            "max": 5809964.0,
            "count": 581
        },
        "SudokuAgent.Policy.ExtrinsicValueEstimate.mean": {
            "value": -100.55164337158203,
            "min": -146.9741668701172,
            "max": -17.111801147460938,
            "count": 581
        },
        "SudokuAgent.Policy.ExtrinsicValueEstimate.sum": {
            "value": -20110.328125,
            "min": -29394.83203125,
            "max": -3405.248291015625,
            "count": 581
        },
        "SudokuAgent.Environment.EpisodeLength.mean": {
            "value": 99.0,
            "min": 99.0,
            "max": 99.0,
            "count": 581
        },
        "SudokuAgent.Environment.EpisodeLength.sum": {
            "value": 9900.0,
            "min": 9900.0,
            "max": 9900.0,
            "count": 581
        },
        "SudokuAgent.Environment.CumulativeReward.mean": {
            "value": -99.1920029449463,
            "min": -156.23434371177595,
            "max": -97.51100204467774,
            "count": 581
        },
        "SudokuAgent.Environment.CumulativeReward.sum": {
            "value": -9919.200294494629,
            "min": -15479.800186157227,
            "max": -9751.100204467773,
            "count": 581
        },
        "SudokuAgent.Policy.ExtrinsicReward.mean": {
            "value": -99.1920029449463,
            "min": -156.23434371177595,
            "max": -97.51100204467774,
            "count": 581
        },
        "SudokuAgent.Policy.ExtrinsicReward.sum": {
            "value": -9919.200294494629,
            "min": -15479.800186157227,
            "max": -9751.100204467773,
            "count": 581
        },
        "SudokuAgent.Losses.PolicyLoss.mean": {
            "value": 0.09705330615106503,
            "min": 0.08639705830743576,
            "max": 0.10826271138891268,
            "count": 581
        },
        "SudokuAgent.Losses.PolicyLoss.sum": {
            "value": 0.48526653075532517,
            "min": 0.345588233229743,
            "max": 0.5413135569445634,
            "count": 581
        },
        "SudokuAgent.Losses.ValueLoss.mean": {
            "value": 0.7804996508484086,
            "min": 0.47873486863682047,
            "max": 123.77153792977333,
            "count": 581
        },
        "SudokuAgent.Losses.ValueLoss.sum": {
            "value": 3.902498254242043,
            "min": 1.9149394745472819,
            "max": 495.0861517190933,
            "count": 581
        },
        "SudokuAgent.Policy.LearningRate.mean": {
            "value": 0.00012586913804364,
            "min": 0.00012586913804364,
            "max": 0.00029984358005213994,
            "count": 581
        },
        "SudokuAgent.Policy.LearningRate.sum": {
            "value": 0.0006293456902182,
            "min": 0.00050461055179656,
            "max": 0.0014978004007331997,
            "count": 581
        },
        "SudokuAgent.Policy.Epsilon.mean": {
            "value": 0.14195636,
            "min": 0.14195636,
            "max": 0.19994786,
            "count": 581
        },
        "SudokuAgent.Policy.Epsilon.sum": {
            "value": 0.7097818,
            "min": 0.56820344,
            "max": 0.9992668,
            "count": 581
        },
        "SudokuAgent.Policy.Beta.mean": {
            "value": 0.0021036223640000006,
            "min": 0.0021036223640000006,
            "max": 0.004997398214,
            "count": 581
        },
        "SudokuAgent.Policy.Beta.sum": {
            "value": 0.010518111820000002,
            "min": 0.008433351656000001,
            "max": 0.024963413320000002,
            "count": 581
        },
        "SudokuAgent.IsTraining.mean": {
            "value": 1.0,
            "min": 1.0,
            "max": 1.0,
            "count": 581
        },
        "SudokuAgent.IsTraining.sum": {
            "value": 1.0,
            "min": 1.0,
            "max": 1.0,
            "count": 581
        }
    },
    "metadata": {
        "timer_format_version": "0.1.0",
        "start_time_seconds": "1733095390",
        "python_version": "3.10.2 (tags/v3.10.2:a58ebcc, Jan 17 2022, 14:12:15) [MSC v.1929 64 bit (AMD64)]",
        "command_line_arguments": "C:\\Users\\Kuba\\AppData\\Local\\Programs\\Python\\Python310\\Scripts\\mlagents-learn sudokuconfig.yaml --run-id=bugfixedlong1",
        "mlagents_version": "1.1.0",
        "mlagents_envs_version": "1.1.0",
        "communication_protocol_version": "1.5.0",
        "pytorch_version": "2.5.1+cpu",
        "numpy_version": "1.23.5",
        "end_time_seconds": "1733127407"
    },
    "total": 32016.247706299997,
    "count": 1,
    "self": 0.3405940999800805,
    "children": {
        "run_training.setup": {
            "total": 0.0971309000015026,
            "count": 1,
            "self": 0.0971309000015026
        },
        "TrainerController.start_learning": {
            "total": 32015.809981300015,
            "count": 1,
            "self": 63.16693322111678,
            "children": {
                "TrainerController._reset_env": {
                    "total": 20.319011800005683,
                    "count": 1,
                    "self": 20.319011800005683
                },
                "TrainerController.advance": {
                    "total": 31929.98970737889,
                    "count": 5817152,
                    "self": 61.358950604117126,
                    "children": {
                        "env_step": {
                            "total": 29709.090746282614,
                            "count": 5817152,
                            "self": 24071.75925715796,
                            "children": {
                                "SubprocessEnvManager._take_step": {
                                    "total": 5590.866856925451,
                                    "count": 5817152,
                                    "self": 179.3412761384534,
                                    "children": {
                                        "TorchPolicy.evaluate": {
                                            "total": 5411.525580786998,
                                            "count": 5817152,
                                            "self": 5411.525580786998
                                        }
                                    }
                                },
                                "workers": {
                                    "total": 46.46463219920406,
                                    "count": 5817151,
                                    "self": 0.0,
                                    "children": {
                                        "worker_root": {
                                            "total": 31910.16769262364,
                                            "count": 5817151,
                                            "is_parallel": true,
                                            "self": 11132.33672510492,
                                            "children": {
                                                "steps_from_proto": {
                                                    "total": 0.00040929998795036227,
                                                    "count": 1,
                                                    "is_parallel": true,