{
    "name": "root",
    "gauges": {
        "SudokuAgent.Policy.Entropy.mean": {
            "value": 5.880167484283447,
            "min": 5.880167484283447,
            "max": 6.471280097961426,
            "count": 5
        },
        "SudokuAgent.Policy.Entropy.sum": {
            "value": 588016.75,
            "min": 588016.75,
            "max": 647128.0,
            "count": 5
        },
        "SudokuAgent.Step.mean": {
            "value": 499964.0,
            "min": 99964.0,
            "max": 499964.0,
            "count": 5
        },
        "SudokuAgent.Step.sum": {
            "value": 499964.0,
            "min": 99964.0,
            "max": 499964.0,
            "count": 5
        },
        "SudokuAgent.Policy.ExtrinsicValueEstimate.mean": {
            "value": -124.72905731201172,
            "min": -124.72905731201172,
            "max": -60.68100357055664,
            "count": 5
        },
        "SudokuAgent.Policy.ExtrinsicValueEstimate.sum": {
            "value": -249458.109375,
            "min": -249458.109375,
            "max": -121301.328125,
            "count": 5
        },
        "SudokuAgent.Environment.EpisodeLength.mean": {
            "value": 99.0,
            "min": 99.0,
            "max": 99.0,
            "count": 5
        },
        "SudokuAgent.Environment.EpisodeLength.sum": {
            "value": 99000.0,
            "min": 99000.0,
            "max": 99000.0,
            "count": 5
        },
        "SudokuAgent.Environment.CumulativeReward.mean": {
            "value": -89.35120314502716,
            "min": -110.33663892769837,
            "max": -89.35120314502716,
            "count": 5
        },
        "SudokuAgent.Environment.CumulativeReward.sum": {
            "value": -89351.20314502716,
            "min": -110226.30228877068,
            "max": -89351.20314502716,
            "count": 5
        },
        "SudokuAgent.Policy.ExtrinsicReward.mean": {
            "value": -89.35120314502716,
            "min": -110.33663892769837,
            "max": -89.35120314502716,
            "count": 5
        },
        "SudokuAgent.Policy.ExtrinsicReward.sum": {
            "value": -89351.20314502716,
            "min": -110226.30228877068,
            "max": -89351.20314502716,
            "count": 5
        },
        "SudokuAgent.Losses.PolicyLoss.mean": {
            "value": 0.05488225380172986,
            "min": 0.051590331098648474,
            "max": 0.05488225380172986,
            "count": 5
        },
        "SudokuAgent.Losses.PolicyLoss.sum": {
            "value": 1.3171740912415166,
            "min": 1.2381679463675634,
            "max": 1.3281514412422741,
            "count": 5
        },
        "SudokuAgent.Losses.ValueLoss.mean": {
            "value": 8.775269523883859,
            "min": 8.775269523883859,
            "max": 34.426832550101814,
            "count": 5
        },
        "SudokuAgent.Losses.ValueLoss.sum": {
            "value": 210.60646857321262,
            "min": 210.60646857321262,
            "max": 826.2439812024435,
            "count": 5
        },
        "SudokuAgent.Policy.LearningRate.mean": {
            "value": 0.00028653150448949995,
            "min": 0.00028653150448949995,
            "max": 0.0002984625005125,
            "count": 5
        },
        "SudokuAgent.Policy.LearningRate.sum": {
            "value": 0.006876756107747999,
            "min": 0.006876756107747999,
            "max": 0.007312425062525,
            "count": 5
        },
        "SudokuAgent.Policy.Epsilon.mean": {
            "value": 0.1955105,
            "min": 0.1955105,
            "max": 0.1994875,
            "count": 5
        },
        "SudokuAgent.Policy.Epsilon.sum": {
            "value": 4.692252,
            "min": 4.692252,
            "max": 4.937475,
            "count": 5
        },
        "SudokuAgent.Policy.Beta.mean": {
            "value": 0.00955149895,
            "min": 0.00955149895,
            "max": 0.00994880125,
            "count": 5
        },
        "SudokuAgent.Policy.Beta.sum": {
            "value": 0.22923597480000002,
            "min": 0.22923597480000002,
            "max": 0.24375375250000003,
            "count": 5
        },
        "SudokuAgent.IsTraining.mean": {
            "value": 1.0,
            "min": 1.0,
            "max": 1.0,
            "count": 5
        },
        "SudokuAgent.IsTraining.sum": {
            "value": 1.0,
            "min": 1.0,
            "max": 1.0,
            "count": 5
        }
    },
    "metadata": {
        "timer_format_version": "0.1.0",
        "start_time_seconds": "1733612947",
        "python_version": "3.10.2 (tags/v3.10.2:a58ebcc, Jan 17 2022, 14:12:15) [MSC v.1929 64 bit (AMD64)]",
        "command_line_arguments": "C:\\Users\\Kuba\\AppData\\Local\\Programs\\Python\\Python310\\Scripts\\mlagents-learn config2.yaml --run-id=agent5sumy",
        "mlagents_version": "1.1.0",
        "mlagents_envs_version": "1.1.0",
        "communication_protocol_version": "1.5.0",
        "pytorch_version": "2.5.1+cpu",
        "numpy_version": "1.23.5",
        "end_time_seconds": "1733616258"
    },
    "total": 3310.513335800031,
    "count": 1,
    "self": 0.08820590015966445,
    "children": {
        "run_training.setup": {
            "total": 0.10570889990776777,
            "count": 1,
            "self": 0.10570889990776777
        },
        "TrainerController.start_learning": {
            "total": 3310.3194209999638,
            "count": 1,
            "self": 9.282897740486078,
            "children": {
                "TrainerController._reset_env": {
                    "total": 13.951870999997482,
                    "count": 1,
                    "self": 13.951870999997482
                },
                "TrainerController.advance": {
                    "total": 3287.0068681593984,
                    "count": 588671,
                    "self": 8.088771007605828,
                    "children": {
                        "env_step": {
                            "total": 3085.305567508447,
                            "count": 588671,
                            "self": 2355.0123180977535,
                            "children": {
                                "SubprocessEnvManager._take_step": {
                                    "total": 723.8564573379699,
                                    "count": 588671,
                                    "self": 23.31425550277345,
                                    "children": {
                                        "TorchPolicy.evaluate": {
                                            "total": 700.5422018351965,
                                            "count": 588671,
                                            "self": 700.5422018351965
                                        }
                                    }
                                },
                                "workers": {
                                    "total": 6.43679207272362,
                                    "count": 588670,
                                    "self": 0.0,
                                    "children": {
                                        "worker_root": {
                                            "total": 3286.3476489973255,
                                            "count": 588670,
                                            "is_parallel": true,
                                            "self": 1376.7383960176958,
                                            "children": {
                                                "steps_from_proto": {
                                                    "total": 0.00037290004547685385,
                                                    "count": 1,
                                                    "is_parallel": true,
                                                    "self": 0.00019729998894035816,