{
    "name": "root",
    "gauges": {
        "SudokuAgent.Policy.Entropy.mean": {
            "value": 5.124594688415527,
            "min": 5.124594688415527,
            "max": 5.760791301727295,
            "count": 12
        },
        "SudokuAgent.Policy.Entropy.sum": {
            "value": 512459.46875,
            "min": 512459.46875,
            "max": 576079.125,
            "count": 12
        },
        "SudokuAgent.Step.mean": {
            "value": 1199964.0,
            "min": 99964.0,
            "max": 1199964.0,
            "count": 12
        },
        "SudokuAgent.Step.sum": {
            "value": 1199964.0,
            "min": 99964.0,
            "max": 1199964.0,
            "count": 12
        },
        "SudokuAgent.Policy.ExtrinsicValueEstimate.mean": {
            "value": -317.12982177734375,
            "min": -324.1861877441406,
            "max": -124.00041198730469,
            "count": 12
        },
        "SudokuAgent.Policy.ExtrinsicValueEstimate.sum": {
            "value": -634259.625,
            "min": -648372.375,
            "max": -247876.828125,
            "count": 12
        },
        "SudokuAgent.Environment.EpisodeLength.mean": {
            "value": 99.0,
            "min": 99.0,
            "max": 99.0,
            "count": 12
        },
        "SudokuAgent.Environment.EpisodeLength.sum": {
            "value": 99000.0,
            "min": 99000.0,
            "max": 99000.0,
            "count": 12
        },
        "SudokuAgent.Environment.CumulativeReward.mean": {
            "value": -259.5798039321899,
            "min": -262.6048039779663,
            "max": -254.29680103916783,
            "count": 12
        },
        "SudokuAgent.Environment.CumulativeReward.sum": {
            "value": -259579.80393218994,
            "min": -262604.8039779663,
            "max": -254042.50423812866,
            "count": 12
        },
        "SudokuAgent.Policy.ExtrinsicReward.mean": {
            "value": -259.5798039321899,
            "min": -262.6048039779663,
            "max": -254.29680103916783,
            "count": 12
        },
        "SudokuAgent.Policy.ExtrinsicReward.sum": {
            "value": -259579.80393218994,
            "min": -262604.8039779663,
            "max": -254042.50423812866,
            "count": 12
        },
        "SudokuAgent.Losses.PolicyLoss.mean": {
            "value": 0.05064971817551447,
            "min": 0.050385557956372694,
            "max": 0.05482891917500335,
            "count": 12
        },
        "SudokuAgent.Losses.PolicyLoss.sum": {
            "value": 1.2155932362123472,
            "min": 1.2155932362123472,
            "max": 1.3707229793750837,
            "count": 12
        },
        "SudokuAgent.Losses.ValueLoss.mean": {
            "value": 15.153316274285316,
            "min": 15.153316274285316,
            "max": 162.49439434210458,
            "count": 12
        },
        "SudokuAgent.Losses.ValueLoss.sum": {
            "value": 363.6795905828476,
            "min": 363.6795905828476,
            "max": 3899.8654642105103,
            "count": 12
        },
        "SudokuAgent.Policy.LearningRate.mean": {
            "value": 0.00026549851150049997,
            "min": 0.00026549851150049997,
            "max": 0.0002984625005125,
            "count": 12
        },
        "SudokuAgent.Policy.LearningRate.sum": {
            "value": 0.006371964276012,
            "min": 0.006371964276012,
            "max": 0.007312425062525,
            "count": 12
        },
        "SudokuAgent.Policy.Epsilon.mean": {
            "value": 0.18849950000000001,
            "min": 0.18849950000000001,
            "max": 0.1994875,
            "count": 12
        },
        "SudokuAgent.Policy.Epsilon.sum": {
            "value": 4.523988,
            "min": 4.523988,
            "max": 4.937475,
            "count": 12
        },
        "SudokuAgent.Policy.Beta.mean": {
            "value": 0.00885110005,
            "min": 0.00885110005,
            "max": 0.00994880125,
            "count": 12
        },
        "SudokuAgent.Policy.Beta.sum": {
            "value": 0.2124264012,
            "min": 0.2124264012,
            "max": 0.24375375250000003,
            "count": 12
        },
        "SudokuAgent.IsTraining.mean": {
            "value": 1.0,
            "min": 1.0,
            "max": 1.0,
            "count": 12
        },
        "SudokuAgent.IsTraining.sum": {
            "value": 1.0,
            "min": 1.0,
            "max": 1.0,
            "count": 12
        }
    },
    "metadata": {
        "timer_format_version": "0.1.0",
        "start_time_seconds": "1734130359",
        "python_version": "3.10.2 (tags/v3.10.2:a58ebcc, Jan 17 2022, 14:12:15) [MSC v.1929 64 bit (AMD64)]",
        "command_line_arguments": "C:\\Users\\Kuba\\AppData\\Local\\Programs\\Python\\Python310\\Scripts\\mlagents-learn config2.yaml --run-id=version4",
        "mlagents_version": "1.1.0",
        "mlagents_envs_version": "1.1.0",
        "communication_protocol_version": "1.5.0",
        "pytorch_version": "2.5.1+cpu",
        "numpy_version": "1.23.5",
        "end_time_seconds": "1734138960"
    },
    "total": 8601.026304499945,
    "count": 1,
    "self": 0.31703399983234704,
    "children": {
        "run_training.setup": {
            "total": 0.16605519992299378,
            "count": 1,
            "self": 0.16605519992299378
        },
        "TrainerController.start_learning": {
            "total": 8600.54321530019,
            "count": 1,
            "self": 26.482194969197735,
            "children": {
                "TrainerController._reset_env": {
                    "total": 53.63763609994203,
                    "count": 1,
                    "self": 53.63763609994203
                },
                "TrainerController.advance": {
                    "total": 8520.113270531176,
                    "count": 1285314,
                    "self": 21.53638624260202,
                    "children": {
                        "env_step": {
                            "total": 7972.8078307588585,
                            "count": 1285314,
                            "self": 6004.042006187374,
                            "children": {
                                "SubprocessEnvManager._take_step": {
                                    "total": 1951.443742474774,
                                    "count": 1285314,
                                    "self": 62.40347823151387,
                                    "children": {
                                        "TorchPolicy.evaluate": {
                                            "total": 1889.04026424326,
                                            "count": 1285314,
                                            "self": 1889.04026424326
                                        }
                                    }
                                },
                                "workers": {
                                    "total": 17.3220820967108,
                                    "count": 1285313,
                                    "self": 0.0,
                                    "children": {
                                        "worker_root": {
                                            "total": 8518.619023734704,
                                            "count": 1285313,
                                            "is_parallel": true,
                                            "self": 3711.6224670235533,
                                            "children": {
                                                "steps_from_proto": {
                                                    "total": 0.0026578998658806086,
                                                    "count": 1,
                                                    "is_parallel": true,
                                                    "self": 0.0007913997396826744,