{
    "name": "root",
    "gauges": {
        "SudokuAgent.Policy.Entropy.mean": {
            "value": 5.82608699798584,
            "min": 5.7587480545043945,
            "max": 6.008830547332764,
            "count": 7
        },
        "SudokuAgent.Policy.Entropy.sum": {
            "value": 582608.6875,
            "min": 575874.8125,
            "max": 600883.0625,
            "count": 7
        },
        "SudokuAgent.Step.mean": {
            "value": 699964.0,
            "min": 99964.0,
            "max": 699964.0,
            "count": 7
        },
        "SudokuAgent.Step.sum": {
            "value": 699964.0,
            "min": 99964.0,
            "max": 699964.0,
            "count": 7
        },
        "SudokuAgent.Policy.ExtrinsicValueEstimate.mean": {
            "value": -89.14244842529297,
            "min": -89.41529083251953,
            "max": -29.325153350830078,
            "count": 7
        },
        "SudokuAgent.Policy.ExtrinsicValueEstimate.sum": {
            "value": -178284.890625,
            "min": -178830.578125,
            "max": -58620.98046875,
            "count": 7
        },
        "SudokuAgent.Environment.EpisodeLength.mean": {
            "value": 99.0,
            "min": 99.0,
            "max": 99.0,
            "count": 7
        },
        "SudokuAgent.Environment.EpisodeLength.sum": {
            "value": 99000.0,
            "min": 99000.0,
            "max": 99000.0,
            "count": 7
        },
        "SudokuAgent.Environment.CumulativeReward.mean": {
            "value": -47.84530022501946,
            "min": -49.81920038199425,
            "max": -45.57877876414909,
            "count": 7
        },
        "SudokuAgent.Environment.CumulativeReward.sum": {
            "value": -47845.300225019455,
            "min": -49819.20038199425,
            "max": -45533.19998538494,
            "count": 7
        },
        "SudokuAgent.Policy.ExtrinsicReward.mean": {
            "value": -47.84530022501946,
            "min": -49.81920038199425,
            "max": -45.57877876414909,
            "count": 7
        },
        "SudokuAgent.Policy.ExtrinsicReward.sum": {
            "value": -47845.300225019455,
            "min": -49819.20038199425,
            "max": -45533.19998538494,
            "count": 7
        },
        "SudokuAgent.Losses.PolicyLoss.mean": {
            "value": 0.052788272463860475,
            "min": 0.05194235992813548,
            "max": 0.053870526169501116,
            "count": 7
        },
        "SudokuAgent.Losses.PolicyLoss.sum": {
            "value": 1.2669185391326514,
            "min": 1.2466166382752515,
            "max": 1.3136347752782362,
            "count": 7
        },
        "SudokuAgent.Losses.ValueLoss.mean": {
            "value": 3.8791571406440597,
            "min": 3.69062049627304,
            "max": 15.63045452410976,
            "count": 7
        },
        "SudokuAgent.Losses.ValueLoss.sum": {
            "value": 93.09977137545744,
            "min": 92.265512406826,
            "max": 375.13090857863426,
            "count": 7
        },
        "SudokuAgent.Policy.LearningRate.mean": {
            "value": 0.0002805045064985,
            "min": 0.0002805045064985,
            "max": 0.0002984625005125,
            "count": 7
        },
        "SudokuAgent.Policy.LearningRate.sum": {
            "value": 0.006732108155963999,
            "min": 0.006732108155963999,
            "max": 0.007312425062525,
            "count": 7
        },
        "SudokuAgent.Policy.Epsilon.mean": {
            "value": 0.1935015,
            "min": 0.1935015,
            "max": 0.1994875,
            "count": 7
        },
        "SudokuAgent.Policy.Epsilon.sum": {
            "value": 4.644036,
            "min": 4.644036,
            "max": 4.937475,
            "count": 7
        },
        "SudokuAgent.Policy.Beta.mean": {
            "value": 0.00935079985,
            "min": 0.00935079985,
            "max": 0.00994880125,
            "count": 7
        },
        "SudokuAgent.Policy.Beta.sum": {
            "value": 0.22441919640000002,
            "min": 0.22441919640000002,
            "max": 0.24375375250000003,
            "count": 7
        },
        "SudokuAgent.IsTraining.mean": {
            "value": 1.0,
            "min": 1.0,
            "max": 1.0,
            "count": 7
        },
        "SudokuAgent.IsTraining.sum": {
            "value": 1.0,
            "min": 1.0,
            "max": 1.0,
            "count": 7
        }
    },
    "metadata": {
        "timer_format_version": "0.1.0",
        "start_time_seconds": "1733945933",
        "python_version": "3.10.2 (tags/v3.10.2:a58ebcc, Jan 17 2022, 14:12:15) [MSC v.1929 64 bit (AMD64)]",
        "command_line_arguments": "C:\\Users\\Kuba\\AppData\\Local\\Programs\\Python\\Python310\\Scripts\\mlagents-learn config2.yaml --run-id=mask4",
        "mlagents_version": "1.1.0",
        "mlagents_envs_version": "1.1.0",
        "communication_protocol_version": "1.5.0",
        "pytorch_version": "2.5.1+cpu",
        "numpy_version": "1.23.5",
        "end_time_seconds": "1733950002"
    },
    "total": 4068.845398299978,
    "count": 1,
    "self": 0.007249700021930039,
    "children": {
        "run_training.setup": {
            "total": 0.09861139999702573,
            "count": 1,
            "self": 0.09861139999702573
        },
        "TrainerController.start_learning": {
            "total": 4068.739537199959,
            "count": 1,
            "self": 11.477706489386037,
            "children": {
                "TrainerController._reset_env": {
                    "total": 11.525579200009815,
                    "count": 1,
                    "self": 11.525579200009815
                },
                "TrainerController.advance": {
                    "total": 4045.6445760106435,
                    "count": 733231,
                    "self": 9.88054650684353,
                    "children": {
                        "env_step": {
                            "total": 3796.843505711993,
                            "count": 733231,
                            "self": 2910.6426425630925,
                            "children": {
                                "SubprocessEnvManager._take_step": {
                                    "total": 878.5651823269436,
                                    "count": 733231,
                                    "self": 27.622992840246297,
                                    "children": {
                                        "TorchPolicy.evaluate": {
                                            "total": 850.9421894866973,
                                            "count": 733231,
                                            "self": 850.9421894866973
                                        }
                                    }
                                },
                                "workers": {
                                    "total": 7.635680821957067,
                                    "count": 733230,
                                    "self": 0.0,
                                    "children": {
                                        "worker_root": {
                                            "total": 4043.3754590097815,
                                            "count": 733230,
                                            "is_parallel": true,
                                            "self": 1677.1524303297047,
                                            "children": {
                                                "steps_from_proto": {
                                                    "total": 0.002828099997714162,
                                                    "count": 1,
                                                    "is_parallel": true,
                                                    "self": 0.0008807999547570944,